縣市,行政區,建物類別名稱,交易季,交易量(棟),成交行情(萬/坪),市場開價(萬/坪),銷售天期(天),買賣議價率(%)
臺中市,大里區,透天厝,2025Q2,70,34.36,46.28,153,14.8%
新北市,八里區,住宅大樓,2025Q1,77,30.72,34.17,102,12.1%
臺北市,中正區,公寓,2025Q4,5,82.79,90.53,178,21.7%
臺北市,松山區,公寓,2025Q3,41,76.64,93.85,102,11.5%
新北市,中和區,住宅大樓,2024Q1,602,56.86,59.82,85,9.9%
新北市,新莊區,透天厝,2025Q2,17,66.17,82.03,61,17.3%
臺中市,中區,住宅大樓,2025Q2,39,24.56,32.42,123,19.2%
新北市,林口區,透天厝,2024Q4,13,42.56,52.44,118,12.2%
臺中市,烏日區,住宅大樓,2024Q4,69,37.83,41.4,94,12.3%
臺中市,太平區,透天厝,2025Q4,48,35.9,43.43,135,15.2%
臺南市,南區,住宅大樓,2024Q1,88,25.59,26.55,93,10.6%
臺中市,西屯區,透天厝,2025Q4,10,55.15,65.61,214,21.9%
臺南市,新化區,透天厝,2024Q1,24,27.84,35.16,112,11%
臺北市,士林區,透天厝,2025Q2,10,140.34,162.06,68,15.7%
高雄市,楠梓區,住宅大樓,2024Q2,1483,31.38,29.77,67,6.4%
新北市,新莊區,透天厝,2024Q4,16,65.85,88.26,155,17%
臺中市,西區,住宅大樓,2024Q1,272,33.52,37.36,102,10.4%
臺南市,北區,住宅大樓,2025Q3,81,27.17,34.7,111,14.9%
臺北市,大安區,住宅大樓,2025Q3,241,116.66,132.64,107,11%
高雄市,楠梓區,公寓,2024Q2,57,16.81,22,123,13.8%
臺南市,安南區,公寓,2024Q2,12,14.51,22.35,100,19.9%
新北市,八里區,住宅大樓,2024Q4,59,30.1,34.97,83,11.4%
臺南市,新化區,住宅大樓,2025Q1,14,24.84,27.34,117,16%
臺北市,內湖區,住宅大樓,2024Q2,325,79.75,81.47,85,8.5%
臺南市,東區,透天厝,2024Q4,68,38.16,53.09,123,14.4%
臺南市,仁德區,透天厝,2024Q3,71,29.66,39.02,125,13.7%
桃園市,平鎮區,公寓,2025Q3,26,17.65,24.35,141,20.5%
臺北市,大同區,透天厝,2024Q4,5,103.18,171.38,NULL,NULL
臺中市,神岡區,住宅大樓,2025Q1,11,26.87,29.14,113,13.5%
臺中市,南區,公寓,2025Q2,15,20.72,29.81,130,16.6%
臺南市,新化區,住宅大樓,2024Q4,13,19.97,26.44,117,10.5%
臺中市,東區,住宅大樓,2024Q1,199,36.11,36.27,94,10.3%
臺中市,西區,透天厝,2024Q2,59,56.35,73.57,139,14.7%
臺北市,信義區,住宅大樓,2024Q2,245,106.83,113.89,107,8.9%
新北市,林口區,透天厝,2025Q2,17,40.36,54.37,176,15.1%
新北市,板橋區,透天厝,2025Q3,10,66.35,111.29,88,18.1%
臺中市,龍井區,住宅大樓,2024Q2,117,32.34,34.19,96,9.5%
新北市,林口區,公寓,2025Q3,8,29.03,42.56,125,13%
高雄市,三民區,公寓,2025Q1,55,17.89,23.85,126,19.4%
桃園市,八德區,公寓,2024Q4,20,19.04,27.65,109,19%
臺北市,士林區,透天厝,2024Q4,8,135.45,145.7,62,17.4%
新北市,樹林區,住宅大樓,2025Q4,46,41.41,44.94,149,12.3%
新北市,汐止區,公寓,2025Q4,22,29.63,40.07,136,17%
臺中市,大里區,透天厝,2024Q3,93,37.28,49.45,129,14.1%
臺北市,南港區,公寓,2025Q3,32,61.45,73.88,81,15.5%
高雄市,左營區,住宅大樓,2025Q1,264,32.71,36.91,102,12%
臺中市,中區,透天厝,2025Q2,8,34.55,65.24,211,25.8%
高雄市,前鎮區,公寓,2024Q3,41,16.43,21.26,96,15.1%
高雄市,左營區,公寓,2024Q4,6,15.3,25.27,106,28%
新北市,鶯歌區,住宅大樓,2024Q2,151,36.25,36.65,92,9.3%
高雄市,左營區,公寓,2025Q1,10,15.55,25.22,155,22%
臺北市,士林區,透天厝,2024Q3,12,111.11,146.2,190,18.9%
高雄市,鳳山區,公寓,2025Q3,40,15.19,21.72,105,18.5%
高雄市,鼓山區,住宅大樓,2025Q2,154,34.77,42.04,128,12.7%
臺中市,潭子區,公寓,2024Q2,4,20.99,27.25,1,9.4%
臺北市,大安區,公寓,2025Q3,46,89.36,104.86,96,11.7%
高雄市,鹽埕區,住宅大樓,2025Q4,16,25.84,42.17,146,12.7%
臺北市,北投區,透天厝,2025Q2,9,86.92,130.81,31,12.2%
桃園市,楊梅區,住宅大樓,2024Q3,265,24.07,26.34,83,11%
桃園市,蘆竹區,透天厝,2025Q4,8,18.85,49.44,115,16.1%
臺南市,永康區,住宅大樓,2025Q4,87,26.81,28.97,141,14%
新北市,泰山區,住宅大樓,2025Q4,30,42.76,49.15,136,13.3%
臺北市,中山區,住宅大樓,2024Q4,339,89.03,101.42,88,12.5%
臺中市,大里區,住宅大樓,2025Q3,75,30.07,33.82,140,14.5%
臺南市,新市區,住宅大樓,2025Q4,13,31.01,33.32,194,17.7%
新北市,三重區,透天厝,2024Q2,39,55.4,98.63,114,13.7%
新北市,新店區,透天厝,2025Q1,33,39.77,59.19,174,23.9%
臺北市,中山區,住宅大樓,2025Q2,305,89.41,102.42,104,12.3%
臺南市,北區,透天厝,2024Q4,54,31.7,46.14,125,16.5%
新北市,林口區,透天厝,2024Q3,22,41.62,53.24,115,10.8%
臺中市,龍井區,公寓,2024Q2,22,23.06,30.6,148,20.3%
新北市,中和區,透天厝,2025Q3,7,75.13,99.65,138,16.6%
高雄市,楠梓區,公寓,2024Q1,65,15.59,21.57,98,15%
新北市,泰山區,公寓,2025Q4,9,29.44,37.06,141,14.4%
臺南市,新市區,住宅大樓,2025Q1,41,32.61,34.85,138,11.7%
臺北市,中正區,住宅大樓,2025Q4,55,108.31,119.96,110,11.1%
新北市,蘆洲區,公寓,2024Q1,100,38,46.59,107,14.4%
臺北市,文山區,公寓,2025Q1,67,51,60.72,100,13.3%
桃園市,蘆竹區,公寓,2024Q2,4,19.13,29.22,98,12.8%
臺南市,中西區,透天厝,2024Q1,46,32.9,52.92,120,14.6%
臺南市,南區,住宅大樓,2024Q2,136,26.69,27.46,73,11.2%
臺南市,東區,透天厝,2025Q2,63,37.1,48.82,118,19%
臺南市,佳里區,透天厝,2025Q3,34,17.82,27.35,125,18.5%
臺南市,仁德區,透天厝,2024Q4,33,29.23,41.35,113,13.4%
高雄市,鼓山區,公寓,2024Q4,21,16.52,24.58,114,17.1%
臺中市,豐原區,住宅大樓,2025Q3,49,29.8,33.84,157,13%
高雄市,前鎮區,透天厝,2025Q3,29,29.02,47.82,124,20.8%
臺中市,西區,公寓,2024Q1,40,24.64,32.51,119,10.5%
臺北市,南港區,住宅大樓,2025Q4,27,94.4,96.97,133,10.7%
臺中市,烏日區,住宅大樓,2025Q2,60,38.05,40.34,110,11.6%
臺中市,東區,透天厝,2025Q3,18,41.07,56.67,173,19.3%
臺中市,西區,透天厝,2024Q1,34,48.64,67.5,118,10.6%
臺中市,龍井區,透天厝,2025Q4,17,24.04,37.34,107,10%
臺中市,龍井區,住宅大樓,2024Q1,125,30.1,33.1,111,10.5%
臺北市,大同區,住宅大樓,2024Q4,96,88.63,94.11,107,11.4%
新北市,林口區,住宅大樓,2025Q3,181,48.68,52.75,122,13.2%
桃園市,蘆竹區,透天厝,2024Q4,37,31.24,43.69,104,14.6%
臺南市,永康區,住宅大樓,2024Q4,192,27.01,30.28,88,12.1%
高雄市,三民區,住宅大樓,2024Q3,808,36.23,33.98,79,10.2%
臺中市,東區,住宅大樓,2024Q2,151,38.04,37.38,84,6.5%
臺北市,中正區,住宅大樓,2025Q1,122,107.33,119.28,110,10.9%
臺南市,中西區,透天厝,2024Q2,70,34.75,49.81,123,12.4%
臺北市,內湖區,住宅大樓,2024Q1,289,77.25,79.6,93,9.9%
臺中市,烏日區,公寓,2024Q3,1,21.26,29.81,NULL,NULL
臺南市,安平區,公寓,2024Q3,1,15.29,24.74,117,31.7%
桃園市,楊梅區,住宅大樓,2024Q4,165,23.75,27.16,83,13.1%
臺南市,安平區,住宅大樓,2025Q3,90,26.4,33.5,125,16.8%
臺北市,文山區,透天厝,2024Q2,5,68.02,84.38,134,10.8%
臺北市,大同區,公寓,2025Q2,32,63.49,78.08,93,13.2%
桃園市,八德區,公寓,2024Q3,40,21.04,27.94,112,16.2%
臺南市,東區,公寓,2025Q4,10,18.95,23.4,125,19.2%
高雄市,仁武區,住宅大樓,2025Q3,47,28.92,33.71,141,14.3%
桃園市,龜山區,透天厝,2024Q3,34,34.94,52.65,108,14%
臺北市,中山區,公寓,2025Q2,44,69.42,88.17,103,13.5%
高雄市,三民區,公寓,2025Q4,32,18.14,22.16,136,19.6%
新北市,鶯歌區,公寓,2024Q1,25,22.49,28.44,109,13%
臺南市,安南區,透天厝,2025Q4,74,29.02,38.13,148,17.5%
臺北市,北投區,透天厝,2024Q3,10,64.74,129.78,70,14%
臺南市,新市區,透天厝,2025Q4,12,30.34,35.94,124,16.4%
新北市,淡水區,公寓,2025Q3,49,22,28.53,122,14.8%
臺中市,南區,透天厝,2024Q3,47,48.13,59.44,139,12.4%
高雄市,新興區,透天厝,2024Q2,39,67.02,65.23,83,13.5%
臺中市,大雅區,住宅大樓,2024Q1,60,29.35,30.33,88,8.1%
新北市,土城區,透天厝,2024Q1,10,47.38,82.66,228,20.7%
新北市,新莊區,公寓,2025Q4,65,37.51,46.87,124,18.2%
新北市,中和區,公寓,2025Q1,165,44.57,54.37,107,15.4%
新北市,鶯歌區,透天厝,2024Q2,24,31.05,48.57,160,14.8%
臺北市,內湖區,公寓,2025Q3,52,58.17,68.84,102,13.9%
臺南市,新化區,住宅大樓,2024Q3,22,26.11,28.29,104,8%
新北市,汐止區,住宅大樓,2025Q1,280,49.29,50.13,95,11.5%
新北市,土城區,住宅大樓,2025Q3,151,56.67,58.35,106,11.4%
高雄市,前金區,透天厝,2024Q3,17,46.56,56.12,92,10.6%
臺南市,新化區,住宅大樓,2025Q4,1,34.49,25.72,154,3.6%
高雄市,橋頭區,住宅大樓,2025Q3,37,28.96,33.79,160,15.1%
桃園市,中壢區,透天厝,2024Q2,235,39.16,51.85,126,14.2%
臺中市,西屯區,透天厝,2024Q4,68,58.87,69.69,131,15.9%
高雄市,鼓山區,公寓,2024Q3,37,17.13,24.27,106,13.7%
高雄市,鳳山區,透天厝,2025Q2,99,32.88,45.74,117,18.1%
新北市,淡水區,住宅大樓,2025Q3,482,33.71,36.79,129,11.6%
臺中市,太平區,透天厝,2024Q4,114,36.07,46.74,120,16.3%
臺北市,大同區,住宅大樓,2025Q1,64,88.36,93.26,122,13.1%
新北市,樹林區,公寓,2025Q3,42,30.82,38.26,132,16.9%
新北市,泰山區,透天厝,2024Q1,5,73.74,85.56,179,25.4%
新北市,汐止區,透天厝,2024Q1,33,40.02,45.28,142,18%
臺北市,文山區,住宅大樓,2025Q2,132,72.96,77.44,91,11.2%
臺北市,士林區,公寓,2025Q4,29,56.48,70.74,122,13.6%
新北市,永和區,公寓,2025Q4,37,48.21,58.73,118,13.8%
桃園市,蘆竹區,透天厝,2025Q1,43,30.35,42.84,160,18.4%
臺南市,仁德區,透天厝,2025Q2,40,27.91,43.11,113,14.5%
臺南市,北區,透天厝,2025Q2,50,28.44,45.32,109,18.5%
臺中市,東區,公寓,2024Q2,17,24.59,29.27,87,11.4%
高雄市,鼓山區,公寓,2025Q2,22,17.16,24.08,138,19.4%
臺北市,文山區,透天厝,2024Q3,9,67.05,97.73,171,16.6%
桃園市,龜山區,住宅大樓,2024Q1,835,38.54,38.55,74,7.9%
桃園市,桃園區,透天厝,2024Q4,46,40.69,57.97,127,16.2%
臺南市,北區,透天厝,2024Q3,78,34.63,43.07,106,13%
桃園市,大園區,住宅大樓,2024Q2,670,34.35,37.32,82,8.3%
臺北市,松山區,透天厝,2025Q2,4,135.5,190.15,10,13.7%
高雄市,鼓山區,透天厝,2025Q1,32,39.74,53.32,116,16.4%
臺南市,東區,住宅大樓,2025Q3,128,31.16,32.9,137,12.6%
新北市,板橋區,住宅大樓,2025Q2,397,66.32,70.98,103,11.5%
高雄市,新興區,住宅大樓,2024Q4,67,27.74,35.86,88,17%
臺南市,永康區,透天厝,2025Q4,39,33.35,38.9,117,17.5%
臺北市,萬華區,透天厝,2024Q3,9,95.06,128.36,NULL,NULL
臺中市,豐原區,公寓,2024Q3,12,20.65,28.91,89,13.7%
臺北市,中正區,公寓,2025Q1,17,74.37,95,128,13.1%
高雄市,鹽埕區,透天厝,2025Q1,9,68.54,54.68,196,8.8%
臺南市,中西區,公寓,2024Q3,9,18.11,24.89,126,18.7%
高雄市,左營區,透天厝,2024Q2,70,40.65,58.99,101,12.8%
臺北市,中正區,透天厝,2024Q1,4,180.97,192.62,NULL,NULL
臺北市,中山區,住宅大樓,2024Q3,482,91.71,100.56,76,10.8%
臺南市,歸仁區,透天厝,2025Q1,38,25.79,41.81,132,18.2%
臺北市,文山區,住宅大樓,2024Q1,224,66.69,69.71,82,10.3%
新北市,永和區,公寓,2025Q1,90,51.16,60.52,102,15.8%
新北市,三峽區,透天厝,2024Q3,13,34.99,45.57,117,11.7%
臺南市,歸仁區,透天厝,2024Q3,46,26.96,40.44,106,12.1%
桃園市,中壢區,住宅大樓,2024Q1,1303,35,36.3,92,10.6%
臺南市,永康區,透天厝,2025Q1,98,33.48,41.14,136,15%
臺北市,南港區,透天厝,2025Q4,1,96.01,118.94,NULL,NULL
新北市,深坑區,住宅大樓,2024Q4,29,40.26,43.88,70,12.8%
臺北市,大同區,公寓,2024Q3,46,61.12,76.46,58,11.3%
桃園市,平鎮區,透天厝,2024Q1,176,27.65,39.12,132,17.1%
新北市,板橋區,住宅大樓,2024Q1,716,63.95,64.99,86,9.2%
新北市,蘆洲區,透天厝,2024Q4,2,73.54,115.47,93,7.5%
臺南市,歸仁區,住宅大樓,2025Q3,30,31.83,34.74,156,17.3%
臺南市,中西區,住宅大樓,2024Q1,100,25.3,30.68,102,14.8%
臺南市,永康區,公寓,2024Q2,22,17.48,26.42,139,14.9%
新北市,深坑區,住宅大樓,2025Q2,17,37,41.98,90,13%
臺北市,松山區,透天厝,2024Q2,3,129.03,142.88,NULL,NULL
臺中市,北屯區,住宅大樓,2024Q2,1170,39.45,41.49,87,8.2%
臺南市,安南區,公寓,2024Q1,6,16.03,20.72,205,26.9%
高雄市,小港區,公寓,2024Q3,45,14.13,18.39,96,16.8%
臺南市,東區,透天厝,2024Q3,93,39.3,52.72,118,14.4%
高雄市,鳳山區,透天厝,2024Q4,129,32.21,46.08,113,14.7%
臺北市,中正區,公寓,2024Q3,44,79.96,93.78,78,11.7%
桃園市,楊梅區,透天厝,2025Q3,84,22.77,32.35,120,17.5%
高雄市,三民區,住宅大樓,2025Q2,345,30.69,34.16,121,14.1%
新北市,汐止區,住宅大樓,2025Q4,111,49.77,49.5,123,12.7%
臺北市,北投區,住宅大樓,2025Q2,171,72.91,75.03,98,10.7%
臺北市,松山區,透天厝,2024Q4,2,170.14,170.56,NULL,NULL
臺南市,新市區,透天厝,2025Q1,37,22.73,35.9,135,22.6%
桃園市,中壢區,透天厝,2024Q4,136,40.94,55.28,125,15.4%
臺南市,安南區,住宅大樓,2024Q2,284,29.81,33.23,97,9.1%
臺中市,西屯區,公寓,2024Q3,40,27.32,35.7,97,8.7%
臺中市,南屯區,住宅大樓,2024Q1,509,38.75,42.11,88,9.5%
臺中市,大里區,公寓,2025Q4,4,19.99,26.09,268,3.8%
新北市,淡水區,透天厝,2024Q3,33,34,53.26,112,14.2%
桃園市,桃園區,透天厝,2025Q2,56,41.29,59.14,135,18.8%
高雄市,三民區,透天厝,2025Q3,74,34.68,48.19,141,17.6%
臺中市,南屯區,住宅大樓,2025Q2,221,40.34,43.58,133,12.2%
桃園市,楊梅區,住宅大樓,2025Q2,163,23.33,26.63,140,14.7%
新北市,五股區,透天厝,2025Q3,6,39.4,53.93,173,24.3%
臺南市,安平區,住宅大樓,2025Q1,120,28.93,33.83,109,13.1%
高雄市,岡山區,住宅大樓,2024Q1,159,26.84,23.46,88,10.6%
新北市,新莊區,透天厝,2024Q3,21,59.94,86.52,95,10.8%
新北市,蘆洲區,住宅大樓,2024Q1,170,50.82,56.97,93,9.7%
桃園市,桃園區,透天厝,2024Q2,127,39.37,56.7,116,13.5%
高雄市,前金區,公寓,2025Q1,2,20.65,30.65,NULL,NULL
新北市,深坑區,公寓,2024Q1,7,24.38,33.22,32,16.4%
新北市,三峽區,公寓,2024Q4,8,27.51,33.58,109,13.1%
臺中市,北屯區,住宅大樓,2025Q2,405,37.73,42.49,127,13%
臺南市,新營區,透天厝,2024Q1,92,23.94,27.81,125,11.6%
臺北市,大安區,透天厝,2025Q2,4,142.72,178.67,244,29.8%
新北市,八里區,透天厝,2024Q1,5,30.54,37.26,176,7.9%
臺中市,南區,住宅大樓,2024Q1,383,32.62,35.18,78,9.9%
新北市,三峽區,住宅大樓,2025Q2,99,41.87,43.34,137,11.5%
臺南市,南區,公寓,2025Q2,25,16.19,21.25,139,24%
新北市,深坑區,住宅大樓,2024Q2,41,39.88,42.27,68,10.8%
高雄市,鹽埕區,透天厝,2025Q4,1,21.53,43.88,128,12.7%
臺中市,北區,透天厝,2025Q4,10,36.29,61.13,116,22.8%
新北市,三峽區,透天厝,2024Q4,18,31.38,43.34,144,13.4%
桃園市,平鎮區,住宅大樓,2025Q2,151,27.33,29.94,121,13.4%
臺北市,信義區,公寓,2024Q4,65,70.52,85.82,93,13.8%
臺南市,佳里區,住宅大樓,2024Q2,72,21.97,24.01,48,11%
桃園市,楊梅區,公寓,2024Q2,57,13.97,19.64,98,18.8%
臺中市,龍井區,公寓,2025Q4,6,22.96,27.95,174,14%
新北市,泰山區,透天厝,2024Q2,6,47.04,94.42,1,28.3%
高雄市,鹽埕區,公寓,2025Q1,5,15.26,22.85,130,23.8%
高雄市,前金區,住宅大樓,2024Q1,124,27.95,34.28,97,11.8%
新北市,鶯歌區,透天厝,2025Q2,20,30.69,48.22,128,12.6%
臺北市,松山區,住宅大樓,2024Q1,227,94.81,100.59,103,9.6%
新北市,深坑區,住宅大樓,2024Q3,23,37.25,44.48,77,11%
臺北市,中山區,透天厝,2025Q3,1,124.77,213.72,NULL,NULL
臺中市,南屯區,住宅大樓,2024Q2,625,42.28,44.47,88,8.4%
臺南市,新營區,透天厝,2025Q3,48,22.63,27.49,105,17.2%
桃園市,中壢區,住宅大樓,2025Q2,543,35,40.53,118,12.9%
臺中市,大雅區,透天厝,2025Q4,13,35.51,42.67,200,21%
新北市,中和區,公寓,2025Q4,60,43.07,53.56,126,17.3%
臺中市,豐原區,公寓,2024Q4,4,23.58,28.44,147,13.6%
新北市,三重區,透天厝,2025Q4,6,63.11,100.07,144,29.8%
高雄市,前鎮區,公寓,2024Q2,60,17.54,21.42,132,17%
臺中市,中區,住宅大樓,2024Q1,88,23.21,30.24,106,14.9%
新北市,五股區,公寓,2024Q1,18,26.02,35.74,46,9.7%
臺南市,中西區,公寓,2024Q2,21,18.36,24.01,122,13.6%
臺北市,萬華區,住宅大樓,2025Q3,94,72.15,82.28,120,14.8%
新北市,永和區,住宅大樓,2024Q2,243,66.66,72.13,65,10.4%
臺北市,南港區,住宅大樓,2024Q4,82,89.12,99.11,89,12.4%
新北市,淡水區,住宅大樓,2025Q1,657,34.11,36.66,114,11.2%
桃園市,桃園區,住宅大樓,2024Q3,872,37.69,38.02,60,9.7%
桃園市,大園區,公寓,2024Q2,11,15.24,22.87,80,22.2%
臺中市,西屯區,公寓,2025Q2,31,33.74,35.71,111,18%
臺中市,中區,公寓,2025Q3,2,20.89,31.17,86,12.4%
新北市,泰山區,住宅大樓,2024Q3,64,46.57,48.2,55,8.2%
高雄市,苓雅區,住宅大樓,2024Q1,530,31.85,30.99,90,11.4%
桃園市,大園區,透天厝,2025Q2,51,30.18,38.31,130,20.6%
臺南市,北區,公寓,2024Q4,15,16.87,20.56,84,17.2%
臺南市,新營區,住宅大樓,2024Q1,70,20.69,19.37,101,12.8%
高雄市,前鎮區,透天厝,2025Q2,42,31.03,48.43,132,18.3%
臺北市,萬華區,透天厝,2024Q4,8,64.36,129.55,77,10.8%
臺北市,信義區,透天厝,2024Q4,3,130.23,137.64,72,24.9%
新北市,永和區,透天厝,2024Q2,8,93.47,131.83,62,15.2%
高雄市,鹽埕區,住宅大樓,2024Q4,24,20,42.12,84,18%
臺中市,豐原區,住宅大樓,2025Q1,70,29.08,34.06,114,11.7%
臺北市,大安區,住宅大樓,2025Q2,251,117.45,132.16,105,11%
臺中市,太平區,住宅大樓,2025Q2,160,31.65,34.8,138,11.9%
桃園市,蘆竹區,住宅大樓,2025Q2,187,33.01,35.81,110,12.1%
桃園市,平鎮區,透天厝,2024Q2,183,27.82,39.96,119,17%
高雄市,苓雅區,公寓,2025Q3,41,16.13,23.24,118,20.6%
高雄市,岡山區,住宅大樓,2025Q2,32,23.81,29.84,110,14.3%
臺中市,潭子區,公寓,2025Q1,2,24.52,28.99,7,15.4%
臺中市,太平區,公寓,2025Q2,9,20.96,26.18,91,15.4%
臺中市,豐原區,透天厝,2024Q2,101,38.66,47.48,106,13.4%
桃園市,中壢區,透天厝,2024Q3,141,39.98,53.37,102,14.7%
高雄市,仁武區,透天厝,2024Q1,225,32.9,40.66,130,13.5%
高雄市,苓雅區,透天厝,2025Q2,49,36.32,54.99,126,17.2%
高雄市,楠梓區,透天厝,2024Q1,132,33.72,42.03,132,14.3%
高雄市,前金區,住宅大樓,2025Q3,57,29.34,38.27,134,14.7%
桃園市,平鎮區,透天厝,2025Q3,70,28.48,39.23,128,20.6%
新北市,三峽區,透天厝,2025Q4,5,24.8,50.67,237,22.9%
臺中市,北屯區,公寓,2024Q3,51,28.9,31.39,102,15.6%
桃園市,大園區,透天厝,2025Q4,19,28.13,42.09,145,14%
臺中市,潭子區,住宅大樓,2025Q3,47,32.71,34.04,126,14.5%
高雄市,新興區,透天厝,2024Q3,40,68.79,64.92,160,13.7%
臺南市,安平區,公寓,2024Q4,4,13.53,25.23,228,21.2%
臺北市,文山區,公寓,2025Q4,35,51.28,59.02,133,13.3%
臺北市,信義區,透天厝,2024Q1,12,127.95,150.49,134,22.1%
新北市,板橋區,公寓,2024Q2,358,45.6,55.55,97,12.9%
高雄市,新興區,住宅大樓,2025Q3,63,26.81,33.44,114,15.4%
高雄市,小港區,住宅大樓,2025Q1,86,23.09,26.91,110,10.1%
臺北市,士林區,公寓,2025Q1,64,58.46,71.15,87,13.9%
桃園市,大園區,公寓,2025Q3,4,16.93,26.96,156,16.8%
桃園市,蘆竹區,公寓,2024Q4,7,21.75,27.26,51,13.6%
臺北市,萬華區,透天厝,2025Q4,4,164.69,129.15,17,21.2%
新北市,淡水區,透天厝,2024Q1,20,33.2,46.01,147,15.9%
臺南市,北區,住宅大樓,2025Q1,88,31.69,35.78,117,12.7%
臺中市,南屯區,公寓,2024Q2,9,25.58,34.73,130,11.4%
新北市,泰山區,住宅大樓,2025Q1,46,45.18,48.97,71,8%
新北市,深坑區,公寓,2024Q3,7,23.67,34.04,118,21.1%
臺北市,松山區,透天厝,2024Q1,2,179.45,149.55,NULL,NULL
新北市,泰山區,住宅大樓,2024Q4,54,45.34,49.85,57,9.4%
新北市,土城區,公寓,2025Q2,56,38.9,48.57,109,15.4%
臺中市,北區,公寓,2025Q3,42,22.34,29.47,126,16.5%
臺南市,永康區,公寓,2024Q4,11,18.48,24.11,109,25.4%
新北市,鶯歌區,住宅大樓,2025Q2,59,34.86,38.59,124,12.3%
桃園市,中壢區,公寓,2025Q2,62,20.96,28.56,147,17.4%
新北市,永和區,住宅大樓,2024Q1,205,65.52,68.31,84,10.3%
臺中市,神岡區,住宅大樓,2025Q4,5,20.95,27.58,90,19%
高雄市,鼓山區,透天厝,2025Q3,17,42.45,48.9,122,17.5%
桃園市,八德區,住宅大樓,2024Q1,509,33.25,31.81,86,9.7%
臺中市,北區,透天厝,2025Q2,45,46.43,60.97,142,17.9%
高雄市,鼓山區,住宅大樓,2024Q1,480,35.41,38.36,89,9.3%
新北市,五股區,住宅大樓,2025Q3,108,40.13,44.47,115,12%
臺北市,大安區,透天厝,2024Q3,2,261.14,175.61,NULL,NULL
臺中市,南屯區,透天厝,2025Q2,57,47.73,61.2,133,15.9%
臺中市,太平區,公寓,2024Q3,20,22.27,25.23,61,12.2%
桃園市,大園區,住宅大樓,2025Q4,115,24.79,40.43,177,13.1%
高雄市,楠梓區,住宅大樓,2025Q1,318,30.73,33.54,101,11%
臺中市,大雅區,透天厝,2024Q4,37,37.53,46.62,93,15.2%
臺南市,仁德區,住宅大樓,2025Q3,55,28.63,28.82,148,11.6%
臺北市,大同區,住宅大樓,2024Q3,131,95.05,91.24,71,11.5%
高雄市,左營區,透天厝,2025Q4,9,39.27,55.89,152,14.6%
臺北市,中山區,住宅大樓,2024Q2,661,90.7,98.45,93,10%
臺南市,南區,公寓,2025Q4,12,14.04,20.13,137,21%
臺北市,內湖區,透天厝,2025Q1,8,77.17,98.05,162,17.7%
新北市,鶯歌區,住宅大樓,2024Q1,149,33.81,34.53,101,10.1%
高雄市,新興區,住宅大樓,2025Q4,45,26.18,32.45,154,13.2%
臺北市,士林區,公寓,2024Q3,95,59.52,73.1,81,11.1%
新北市,深坑區,透天厝,2024Q2,3,29.99,44.37,244,8.4%
臺中市,潭子區,公寓,2025Q2,1,20.02,30.8,270,9.7%
新北市,三重區,公寓,2024Q2,304,45.42,58.56,96,15.4%
新北市,八里區,住宅大樓,2025Q3,49,28.42,33.7,117,14%
高雄市,岡山區,公寓,2025Q2,2,14.57,20.81,21,12.6%
臺中市,北屯區,住宅大樓,2024Q3,742,41.08,43.24,76,8.1%
高雄市,小港區,住宅大樓,2025Q4,46,23.14,27.24,137,11.7%
高雄市,前金區,透天厝,2025Q2,8,35.31,64.69,96,17.7%
臺北市,松山區,住宅大樓,2024Q3,164,98.46,110.13,85,10.5%
新北市,鶯歌區,透天厝,2025Q1,25,37.15,47.52,152,19.5%
臺中市,中區,透天厝,2024Q2,10,28.43,74.1,112,5.4%
新北市,樹林區,透天厝,2024Q1,20,42.72,57.03,162,15.2%
臺北市,中正區,透天厝,2024Q2,5,140.2,159.92,32,5.8%
新北市,板橋區,透天厝,2025Q1,16,70.01,108.27,104,17.3%
高雄市,新興區,公寓,2025Q1,11,19.45,26.36,131,13.2%
臺南市,歸仁區,透天厝,2024Q4,37,29.85,43.48,111,12.7%
高雄市,鼓山區,公寓,2024Q1,47,17.28,22.91,88,14%
桃園市,桃園區,公寓,2025Q3,54,23.09,30.97,125,17.9%
臺南市,北區,透天厝,2024Q1,81,31.65,42.87,120,15.6%
新北市,泰山區,公寓,2024Q3,22,30.45,39.08,88,12.8%
臺南市,中西區,公寓,2025Q2,10,15.67,25.76,170,14.5%
新北市,三重區,住宅大樓,2025Q3,227,60.46,65.99,123,11.9%
臺南市,善化區,住宅大樓,2024Q1,99,29.9,33.89,99,10.6%
高雄市,小港區,透天厝,2025Q3,56,28.05,34.23,168,18.1%
臺中市,南區,公寓,2024Q2,34,24.21,30.43,130,17.9%
新北市,新莊區,住宅大樓,2024Q3,472,52.82,58.79,70,8.9%
臺中市,中區,公寓,2024Q2,2,18.12,34.3,124,21.2%
桃園市,龜山區,公寓,2024Q1,76,21.23,28.05,122,13.9%
臺北市,北投區,公寓,2025Q3,74,51.19,60.28,109,13.6%
臺北市,士林區,公寓,2024Q4,83,57.35,71.74,77,11.4%
新北市,板橋區,公寓,2025Q3,169,44.81,54.79,131,15%
新北市,新莊區,透天厝,2024Q2,18,68.05,80.63,142,16.8%
臺中市,北區,住宅大樓,2024Q1,402,31.58,35.7,93,10.8%
新北市,淡水區,透天厝,2024Q4,21,31.49,45.88,196,15.2%
新北市,新店區,住宅大樓,2025Q3,268,56.96,60.9,119,12%
新北市,三峽區,住宅大樓,2024Q3,161,42.58,43.26,73,9.4%
臺北市,中正區,公寓,2024Q4,41,74.9,95.65,95,13.3%
臺中市,西屯區,住宅大樓,2025Q2,346,37.82,47.92,129,14.2%
高雄市,仁武區,公寓,2024Q1,4,14.21,27.15,41,17.5%
新北市,蘆洲區,住宅大樓,2025Q2,115,54.24,59.92,89,11.9%
臺中市,北區,透天厝,2024Q4,45,55.73,62.91,126,13.9%
高雄市,橋頭區,透天厝,2024Q1,42,29.29,41.01,128,10.4%
桃園市,中壢區,住宅大樓,2024Q2,1675,37.93,37.74,76,9%
新北市,林口區,住宅大樓,2025Q1,184,48.77,53.68,105,10.9%
臺南市,安南區,住宅大樓,2025Q1,58,29.31,34.36,128,12%
臺南市,歸仁區,透天厝,2025Q4,21,23.41,37.02,116,14.7%
臺北市,大同區,公寓,2024Q1,54,63.06,71.06,87,14.5%
臺中市,豐原區,透天厝,2025Q2,73,38.11,43.82,136,16.8%
臺南市,善化區,透天厝,2024Q4,42,29.38,38.11,120,13.2%
臺南市,新營區,公寓,2025Q3,7,12.57,14.14,52,13.4%
高雄市,鳳山區,透天厝,2024Q3,139,36.39,48.4,119,15.8%
桃園市,大園區,透天厝,2024Q4,45,31.29,36.87,128,17.2%
臺中市,北屯區,住宅大樓,2025Q1,463,36.67,42.86,119,11.8%
臺南市,新化區,透天厝,2024Q2,25,28.98,32.66,109,14%
新北市,新店區,公寓,2024Q1,176,38.3,43.76,117,13%
桃園市,蘆竹區,公寓,2024Q1,2,15.96,30.63,159,24.8%
臺北市,大同區,透天厝,2025Q3,6,159.61,150.4,NULL,NULL
高雄市,岡山區,住宅大樓,2024Q2,175,27.48,25.73,85,10.3%
高雄市,前金區,住宅大樓,2024Q2,128,31.21,34.64,95,10.5%
臺中市,潭子區,住宅大樓,2024Q2,207,33.94,33.26,93,7%
高雄市,仁武區,透天厝,2025Q2,86,33.53,41.89,121,15.6%
臺南市,新營區,透天厝,2024Q2,81,23.42,28.68,109,14.3%
高雄市,小港區,公寓,2024Q4,30,14.46,18.77,97,16.9%
高雄市,左營區,公寓,2025Q3,2,21.3,23.99,119,18.6%
臺北市,大同區,公寓,2024Q4,33,61.49,77.43,70,13.6%
高雄市,前鎮區,住宅大樓,2025Q3,164,31.77,32.3,119,12.7%
新北市,三峽區,公寓,2025Q3,7,24.49,35.27,171,32%
桃園市,龜山區,透天厝,2025Q2,19,31.48,46.87,120,15.2%
桃園市,龜山區,住宅大樓,2024Q2,957,41.76,40.58,68,8%
臺北市,中山區,公寓,2024Q3,62,70.67,90.32,74,11.9%
新北市,深坑區,住宅大樓,2025Q1,17,41.3,43.13,119,14.3%
臺南市,南區,透天厝,2025Q2,63,27.76,38.99,119,19.3%
臺南市,仁德區,住宅大樓,2024Q2,105,28.07,32.19,106,10.4%
桃園市,桃園區,透天厝,2024Q1,101,37.16,57.02,139,14.6%
臺北市,北投區,住宅大樓,2024Q2,249,69.68,70.42,79,10%
臺中市,南區,透天厝,2024Q4,28,44.39,60.32,136,10.9%
桃園市,八德區,公寓,2024Q2,53,20.97,27.26,81,15.6%
臺中市,大雅區,公寓,2024Q1,3,17.49,29.71,183,36%
新北市,新店區,公寓,2025Q2,109,38.06,46.62,122,15.2%
臺中市,東區,公寓,2024Q1,9,19.3,29.88,94,11.8%
桃園市,八德區,公寓,2025Q2,25,20.15,26.22,95,17.8%
新北市,五股區,住宅大樓,2024Q2,325,45.11,44.36,71,7.9%
臺中市,大里區,公寓,2024Q3,23,19.81,27.49,110,13.5%
新北市,中和區,透天厝,2024Q1,18,84.9,94.18,141,16.3%
臺南市,善化區,透天厝,2025Q2,30,31.33,36.76,162,16%
臺南市,南區,透天厝,2024Q1,75,28.7,36.84,141,18.8%
臺南市,永康區,公寓,2024Q1,22,16.32,22.7,146,14.3%
臺北市,信義區,公寓,2024Q3,89,72.28,84.15,80,12.8%
臺中市,南屯區,公寓,2025Q3,8,24.18,32.35,136,13.4%
高雄市,仁武區,公寓,2025Q1,2,17.04,22.74,81,21.4%
臺南市,佳里區,公寓,2024Q1,3,12.09,18.75,7,14.3%
新北市,蘆洲區,公寓,2024Q4,59,41.91,50.49,77,14.2%
高雄市,岡山區,透天厝,2025Q3,37,28.43,43.83,136,16.8%
臺中市,豐原區,公寓,2025Q4,3,17.47,27.09,89,27.3%
臺中市,烏日區,住宅大樓,2024Q3,102,36.44,39.29,63,7.5%
臺北市,南港區,住宅大樓,2025Q2,75,89.79,101.24,108,11.6%
桃園市,八德區,透天厝,2025Q2,57,31.22,44.02,117,18%
新北市,鶯歌區,公寓,2025Q2,16,22.71,28.86,64,15.1%
臺南市,安平區,透天厝,2025Q3,19,31.34,39.83,139,20.9%
臺中市,南區,透天厝,2025Q4,6,39.43,58.16,162,15.9%
高雄市,鹽埕區,公寓,2025Q4,1,12.88,20.79,239,14.5%
臺北市,內湖區,住宅大樓,2024Q4,200,80.81,83.72,86,12.1%
臺南市,北區,公寓,2024Q3,13,16.97,22.52,127,16.9%
臺北市,中山區,公寓,2024Q2,88,70.72,85.64,94,12%
臺中市,神岡區,透天厝,2025Q3,20,26.38,38.18,122,19.6%
桃園市,中壢區,透天厝,2025Q1,125,39.33,54.58,133,13.6%
臺北市,南港區,透天厝,2024Q3,2,108.9,138.31,NULL,NULL
新北市,三重區,公寓,2025Q3,121,43.19,58.05,127,17.6%
新北市,板橋區,住宅大樓,2024Q2,907,67.3,67.96,78,8.5%
臺中市,西區,透天厝,2024Q3,34,69.17,74.5,126,11.5%
高雄市,鳳山區,住宅大樓,2025Q3,198,27.08,30.09,139,13.2%
臺中市,西區,住宅大樓,2025Q2,176,33.45,39.84,102,14.4%
高雄市,新興區,公寓,2025Q4,2,17.2,25.81,133,18.4%
新北市,三峽區,透天厝,2025Q1,9,45.04,47.95,186,16.1%
臺中市,西區,公寓,2024Q4,33,26.93,34.34,98,13.1%
高雄市,小港區,公寓,2025Q4,15,14.55,18.28,176,12.8%
臺北市,士林區,住宅大樓,2025Q1,74,83.88,91.91,130,10.4%
臺中市,東區,住宅大樓,2025Q3,62,32.59,37.38,138,13.9%
新北市,林口區,透天厝,2024Q1,25,34.33,47.53,163,10.7%
臺北市,文山區,住宅大樓,2024Q2,226,70.09,73.25,76,8.9%
臺南市,佳里區,住宅大樓,2025Q3,10,21.38,23.45,113,8.4%
高雄市,楠梓區,公寓,2024Q3,42,18.34,23.01,114,16%
臺中市,北屯區,透天厝,2024Q1,185,45.74,55.73,129,12.9%
臺南市,安南區,透天厝,2024Q4,147,30.6,38.69,124,13.9%
新北市,土城區,透天厝,2025Q2,2,68.39,85.83,182,37.6%
臺南市,中西區,住宅大樓,2024Q2,130,26.16,30.66,82,12.6%
新北市,泰山區,住宅大樓,2025Q2,64,44.85,49.79,103,10.3%
新北市,三峽區,住宅大樓,2025Q1,94,43.96,43.12,104,10.4%
新北市,樹林區,住宅大樓,2025Q1,105,42.81,45.5,105,10%
臺南市,南區,公寓,2024Q4,21,17.4,22.2,80,17.4%
高雄市,前金區,公寓,2025Q3,3,18.38,27.06,99,19.3%
臺中市,西區,住宅大樓,2025Q3,125,31.5,38.78,117,15%
臺南市,南區,公寓,2025Q1,23,14.6,21.17,131,19.9%
臺北市,大安區,住宅大樓,2024Q1,369,113.12,124.11,122,10.3%
臺北市,內湖區,透天厝,2025Q3,5,61.95,100.38,201,18.2%
桃園市,龜山區,透天厝,2025Q1,22,30.99,47,121,13.6%
臺中市,西區,公寓,2025Q2,30,24.05,34.41,121,14.4%
高雄市,鳳山區,住宅大樓,2024Q1,576,28.64,28.56,84,10%
臺南市,北區,住宅大樓,2025Q4,42,29.2,34.62,118,14.6%
臺中市,大里區,透天厝,2025Q4,28,37.45,43.18,177,20.8%
臺南市,永康區,住宅大樓,2024Q3,313,28.56,30.21,86,11.7%
臺中市,東區,公寓,2025Q2,4,21.61,30.75,102,17.5%
桃園市,大園區,住宅大樓,2024Q3,355,30.36,40.06,58,8.2%
臺中市,太平區,透天厝,2025Q3,82,34.8,45.75,155,19.3%
新北市,土城區,公寓,2024Q4,62,39.87,48.59,116,16.6%
臺中市,中區,透天厝,2024Q1,9,31.17,75.5,73,19%
臺南市,南區,透天厝,2024Q2,113,32.81,39.59,117,15.6%
新北市,中和區,住宅大樓,2025Q3,302,60.34,65.07,104,11.2%
臺中市,太平區,透天厝,2024Q3,165,41.88,47.08,125,13.7%
臺南市,仁德區,公寓,2025Q1,2,21.11,19.33,153,10.3%
桃園市,平鎮區,公寓,2024Q1,42,16.15,21.56,102,18.9%
臺北市,文山區,透天厝,2024Q4,6,78.6,95.36,155,13.6%
臺中市,龍井區,透天厝,2025Q1,34,27.09,38.35,121,10.3%
新北市,八里區,透天厝,2024Q3,6,31.16,41.3,35,12.4%
臺中市,大里區,透天厝,2024Q1,133,33.91,47.77,119,14.3%
新北市,汐止區,公寓,2025Q1,60,30.49,39.18,120,14.2%
桃園市,楊梅區,透天厝,2024Q1,189,23.59,31.45,137,16%
高雄市,左營區,透天厝,2024Q3,38,38.14,54.65,140,10.8%
高雄市,苓雅區,透天厝,2025Q1,55,40.88,56.2,140,21.6%
新北市,新莊區,透天厝,2025Q4,6,57.62,79.42,165,15.4%
臺南市,中西區,透天厝,2025Q2,30,33.01,52.25,146,19.6%
新北市,汐止區,住宅大樓,2025Q3,260,46.77,50.05,107,12.8%
高雄市,前金區,透天厝,2025Q1,10,52.47,65.58,147,13.1%
臺北市,南港區,透天厝,2024Q4,2,98.34,118.01,18,14.4%
臺中市,東區,住宅大樓,2025Q2,48,31.87,38.56,99,10.9%
新北市,汐止區,公寓,2025Q3,38,30.48,40.65,127,14.6%
高雄市,橋頭區,住宅大樓,2025Q1,49,29.03,36.09,108,14.4%
臺北市,文山區,住宅大樓,2024Q4,144,72.77,74.59,66,10%
臺北市,中正區,住宅大樓,2025Q3,109,108.03,122.62,100,9.8%
臺北市,大安區,公寓,2024Q1,88,92.69,101.88,94,10.7%
臺南市,南區,住宅大樓,2024Q4,58,27.02,28.12,98,14.6%
高雄市,鹽埕區,透天厝,2024Q4,7,20.51,56.2,120,25.3%
新北市,土城區,公寓,2024Q2,142,38.99,46.78,87,13%
臺北市,萬華區,透天厝,2025Q1,7,105.51,123.39,190,9.8%
臺北市,中正區,透天厝,2024Q4,2,96.6,194.86,21,16.8%
新北市,板橋區,透天厝,2025Q4,4,70.38,110.11,137,15%
新北市,新店區,住宅大樓,2024Q2,493,53.75,59.11,89,8.9%
高雄市,三民區,住宅大樓,2024Q2,938,32.63,33.15,79,9.6%
高雄市,前鎮區,透天厝,2024Q1,66,33.34,47.06,102,13.7%
新北市,林口區,透天厝,2025Q4,5,45.35,51.6,128,8.3%
高雄市,三民區,透天厝,2024Q1,118,37.6,46.86,126,13.4%
高雄市,仁武區,住宅大樓,2024Q2,451,31.06,32.8,68,7.9%
臺南市,新化區,透天厝,2025Q3,17,21.71,33.51,142,15.6%
新北市,板橋區,住宅大樓,2024Q4,395,68.8,72.23,77,10.6%
臺北市,文山區,透天厝,2025Q1,3,52.47,103.69,140,21.6%
臺北市,大安區,透天厝,2024Q2,6,166.25,186.05,172,24.9%
新北市,蘆洲區,公寓,2024Q3,67,40.57,50.17,91,13.1%
新北市,三重區,透天厝,2024Q4,15,67.06,95.55,125,17.7%
新北市,林口區,住宅大樓,2025Q4,94,48.92,52.01,158,11.6%
新北市,三重區,透天厝,2025Q1,9,72.22,96.25,104,16.6%
新北市,林口區,公寓,2024Q2,20,26.53,39.96,101,11.4%
新北市,新莊區,住宅大樓,2024Q4,375,55.08,58.73,80,11.4%
高雄市,左營區,透天厝,2024Q4,44,41.5,54.43,135,15.7%
新北市,板橋區,公寓,2025Q2,196,45.89,55.79,108,16.1%
臺南市,安南區,公寓,2024Q3,8,12.35,22.74,119,17.2%
臺中市,豐原區,住宅大樓,2024Q1,116,32.37,32.54,82,8.7%
臺中市,南區,公寓,2024Q1,33,23.6,29.91,76,12.6%
高雄市,前鎮區,公寓,2024Q1,57,15.39,21.55,110,18.7%
臺南市,新市區,住宅大樓,2025Q3,24,25.97,33.6,172,13.9%
臺中市,大里區,住宅大樓,2025Q1,111,29.92,34.11,85,10.8%
桃園市,蘆竹區,透天厝,2025Q3,30,23.5,49.69,141,20.2%
臺南市,新化區,透天厝,2025Q2,15,28.1,32.67,68,16%
臺中市,龍井區,公寓,2024Q4,17,18.36,28.23,55,18.6%
高雄市,三民區,住宅大樓,2025Q4,199,29.87,33.52,125,13.3%
臺中市,烏日區,公寓,2024Q1,5,23.78,27.04,225,8.3%
臺北市,松山區,公寓,2024Q2,75,78.39,89.58,99,11.5%
臺北市,中正區,公寓,2025Q2,29,70.35,92.14,125,15.2%
高雄市,苓雅區,透天厝,2024Q2,101,41,56.08,128,14.4%
高雄市,左營區,公寓,2024Q3,13,18.99,25.61,81,17.8%
高雄市,鳳山區,公寓,2025Q4,42,16.03,21.3,114,20.8%
桃園市,楊梅區,住宅大樓,2025Q1,169,24.3,27.3,114,13.8%
新北市,板橋區,住宅大樓,2024Q3,553,72.72,71.24,74,8.7%
桃園市,龜山區,公寓,2025Q2,42,22.12,28.11,96,13.4%
桃園市,楊梅區,住宅大樓,2025Q4,88,23.57,26.25,148,13.9%
臺北市,松山區,公寓,2024Q1,69,74.62,87.04,113,11.1%
臺中市,太平區,公寓,2025Q1,7,17.35,27.04,81,20%
臺北市,中正區,透天厝,2025Q2,3,76.59,205.21,249,26.9%
高雄市,三民區,住宅大樓,2025Q1,373,30.56,34.17,105,13.1%
新北市,林口區,公寓,2024Q1,17,26.92,34.65,142,16.9%
臺中市,龍井區,透天厝,2025Q3,29,29.08,37.24,113,18.8%
臺中市,東區,公寓,2024Q4,1,24.99,31.31,133,25.7%
臺南市,安南區,住宅大樓,2024Q3,119,29.69,34.27,83,8.6%
高雄市,三民區,住宅大樓,2024Q4,359,29.4,33.83,82,12.5%
臺中市,大里區,住宅大樓,2025Q4,46,26.96,33.4,148,13.9%
臺北市,大安區,住宅大樓,2024Q2,407,118.43,127.74,96,9.3%
新北市,永和區,透天厝,2024Q4,7,105.38,110.57,145,16.7%
臺北市,北投區,公寓,2024Q2,135,48.71,56.62,81,10.3%
臺中市,太平區,住宅大樓,2024Q2,659,34.8,34.75,84,7.6%
臺南市,中西區,住宅大樓,2025Q3,44,26.23,31.5,97,14.4%
臺北市,北投區,透天厝,2024Q1,9,90.58,131.32,143,14.8%
桃園市,中壢區,透天厝,2025Q2,105,37.08,53.68,113,15.7%
桃園市,蘆竹區,透天厝,2024Q3,46,32.37,42,109,14%
臺中市,西屯區,住宅大樓,2024Q1,853,37.5,45.56,105,9.8%
臺中市,東區,公寓,2024Q3,9,23.03,31.02,76,15.4%
新北市,新店區,公寓,2024Q2,201,40.19,45.14,103,12%
高雄市,左營區,住宅大樓,2025Q3,200,30.96,35.62,127,14%
臺中市,龍井區,公寓,2025Q1,25,18.95,30.13,39,9.4%
臺中市,南屯區,住宅大樓,2024Q4,225,39.16,44.93,89,10.3%
臺南市,安平區,住宅大樓,2024Q1,193,26.94,30.09,107,10.9%
臺南市,安南區,透天厝,2025Q2,119,29.18,39.08,142,17.5%
桃園市,龜山區,住宅大樓,2025Q3,241,40.01,42.6,124,11.9%
桃園市,大園區,住宅大樓,2024Q4,687,20.33,41.3,83,11.1%
臺南市,善化區,透天厝,2025Q1,27,32.85,36.44,133,15.4%
新北市,鶯歌區,公寓,2025Q3,15,23.37,28.74,163,14.9%
高雄市,小港區,透天厝,2024Q1,165,29.72,33.42,124,16.8%
新北市,樹林區,公寓,2024Q1,65,29.15,35.82,95,13%
臺南市,南區,住宅大樓,2025Q2,48,24.95,27.86,99,11.5%
高雄市,鳳山區,住宅大樓,2024Q2,899,30.94,29.55,69,8.9%
桃園市,八德區,公寓,2025Q4,7,18.76,25.27,143,21.8%
臺北市,士林區,透天厝,2025Q4,4,113.66,155.03,NULL,NULL
高雄市,鼓山區,住宅大樓,2024Q2,679,42.06,40,78,7.6%
新北市,永和區,住宅大樓,2025Q2,102,65.8,73.06,105,12%
桃園市,蘆竹區,住宅大樓,2024Q2,389,32.52,34.7,77,9.8%
臺北市,士林區,透天厝,2024Q2,11,108.7,137.06,145,17.7%
臺中市,潭子區,公寓,2024Q3,5,22.52,31.73,89,14.2%
新北市,永和區,公寓,2024Q4,71,52.9,62.43,85,12.4%
高雄市,楠梓區,公寓,2025Q2,40,16.5,22.18,142,22.1%
新北市,土城區,公寓,2025Q4,31,38.76,46.94,139,18.4%
新北市,永和區,住宅大樓,2024Q4,127,67.63,73.74,77,11.6%
臺中市,龍井區,住宅大樓,2024Q4,67,26.12,36.81,89,9.8%
臺中市,大里區,透天厝,2024Q2,144,37.4,48.06,126,14.3%
新北市,新店區,住宅大樓,2024Q1,474,54.87,57.85,93,9.5%
臺北市,內湖區,公寓,2024Q1,137,57.15,65.29,98,11.6%
臺南市,佳里區,住宅大樓,2025Q2,21,22.04,23.72,96,11.4%
新北市,土城區,透天厝,2025Q3,6,54.01,88.31,118,20.1%
臺中市,龍井區,住宅大樓,2025Q2,24,28.45,34.5,121,16.4%
高雄市,前鎮區,公寓,2024Q4,41,16.21,21.87,85,19.8%
桃園市,中壢區,公寓,2024Q2,132,21.21,27.66,97,15.8%
新北市,泰山區,公寓,2025Q3,21,31.74,40.19,121,17.2%
高雄市,鳳山區,透天厝,2025Q4,38,29.62,44.01,149,16.4%
臺南市,新市區,透天厝,2025Q3,16,28.71,34.54,122,20.5%
高雄市,橋頭區,住宅大樓,2025Q4,26,29.02,32.49,139,16.4%
新北市,土城區,住宅大樓,2024Q1,523,55.33,53.77,75,8.8%
高雄市,楠梓區,住宅大樓,2024Q3,716,32.43,32.15,64,7.5%
臺北市,內湖區,住宅大樓,2024Q3,228,81.35,84.22,68,9.2%
臺北市,信義區,透天厝,2024Q3,5,99.64,133.84,126,14.9%
臺南市,仁德區,住宅大樓,2024Q1,79,25.83,29.77,99,11.1%
臺中市,西區,透天厝,2025Q2,24,64.39,74.57,167,13.7%
臺南市,北區,公寓,2025Q1,10,17.46,20.62,79,10.4%
臺中市,南屯區,透天厝,2024Q2,97,61.34,63.51,142,13.4%
高雄市,岡山區,透天厝,2025Q1,59,31.9,43.81,117,17.4%
新北市,永和區,透天厝,2024Q3,7,106.02,129.15,167,18.5%
臺北市,文山區,住宅大樓,2024Q3,190,72.71,74.47,53,9.3%
臺南市,安南區,住宅大樓,2024Q4,81,31.37,34.23,84,8.7%
臺中市,北區,透天厝,2024Q2,75,44.02,58.44,119,13.9%
臺北市,大同區,住宅大樓,2025Q4,46,87.86,94.95,96,13.9%
臺南市,東區,公寓,2025Q3,13,16.79,24.16,127,15.4%
新北市,淡水區,公寓,2024Q1,118,21.59,26.16,119,15.3%
臺南市,佳里區,透天厝,2024Q1,76,24.28,25.12,124,10%
臺北市,南港區,公寓,2024Q2,61,64.33,71.58,96,11.5%
桃園市,蘆竹區,公寓,2024Q3,4,19.23,26.43,43,16.3%
臺南市,永康區,透天厝,2025Q3,69,35.61,38.84,152,19%
高雄市,岡山區,公寓,2024Q2,5,14.07,22.86,60,8.7%
新北市,鶯歌區,公寓,2024Q2,31,23.82,28.22,105,13.4%
臺北市,士林區,公寓,2025Q3,61,59.85,71.58,118,12.7%
新北市,永和區,公寓,2025Q3,68,49.95,58.98,126,15.2%
新北市,鶯歌區,透天厝,2024Q3,24,35.89,52.32,153,11.7%
臺中市,大里區,公寓,2024Q4,7,19.58,27.35,116,17.1%
新北市,蘆洲區,住宅大樓,2025Q3,91,56,59.3,104,11.9%
新北市,林口區,透天厝,2024Q2,29,48.8,48.93,145,9%
高雄市,苓雅區,公寓,2024Q2,103,18.61,22.62,93,13.6%
桃園市,大園區,透天厝,2024Q2,119,29.84,39.33,143,15.2%
臺北市,南港區,住宅大樓,2024Q3,69,83.57,98.7,103,9.2%
新北市,汐止區,透天厝,2024Q3,21,42.21,48.17,135,17.5%
臺中市,豐原區,透天厝,2025Q4,25,32.18,45.8,110,14.7%
桃園市,八德區,住宅大樓,2025Q3,167,33.89,34.35,136,12.3%
高雄市,前鎮區,住宅大樓,2024Q2,477,32.19,31.38,93,9.8%
臺南市,新營區,公寓,2024Q2,13,11.11,15.91,144,22.2%
新北市,五股區,透天厝,2024Q1,9,39.54,53.52,105,14.7%
臺中市,大里區,透天厝,2024Q4,69,36.3,49.1,141,15.9%
臺中市,大雅區,住宅大樓,2024Q3,41,31.57,34.32,68,9.8%
新北市,蘆洲區,透天厝,2024Q3,4,96.37,99.93,42,11.2%
新北市,樹林區,住宅大樓,2025Q3,84,40.36,44.47,106,12.7%
臺北市,信義區,住宅大樓,2025Q2,115,102.58,119.72,116,10.5%
臺中市,東區,透天厝,2024Q1,44,49.78,49.59,104,13.3%
新北市,淡水區,住宅大樓,2025Q4,303,34.02,36.9,150,11.8%
新北市,深坑區,透天厝,2024Q1,7,32.75,49.75,NULL,NULL
臺南市,南區,公寓,2024Q2,42,16.26,21.09,89,21.6%
新北市,汐止區,住宅大樓,2024Q4,355,50.37,48.91,72,11.2%
桃園市,平鎮區,住宅大樓,2024Q2,430,29.17,28.64,73,10%
新北市,泰山區,公寓,2024Q4,18,30.58,40.1,60,13.2%
臺中市,大里區,公寓,2025Q3,7,17.25,26.14,144,24%
高雄市,苓雅區,透天厝,2025Q4,20,40.43,54.27,161,19.2%
新北市,深坑區,透天厝,2024Q3,4,22.26,42.16,171,29.5%
桃園市,楊梅區,公寓,2024Q3,29,16.63,20.77,67,16.1%
臺中市,中區,住宅大樓,2024Q2,85,22.86,30.83,95,16.7%
新北市,永和區,透天厝,2024Q1,8,101.91,138.73,242,8.6%
臺北市,信義區,公寓,2025Q1,68,69.87,86.77,112,13.2%
新北市,新店區,透天厝,2025Q3,31,38.55,55.95,139,12.1%
高雄市,鳳山區,公寓,2025Q1,56,17.14,22.93,140,19.9%
臺南市,歸仁區,住宅大樓,2024Q1,154,29.96,31.59,95,12.1%
臺中市,中區,住宅大樓,2024Q4,42,22.46,33.91,118,15.9%
臺中市,西區,公寓,2024Q3,34,27.15,34.07,105,13.2%
桃園市,楊梅區,公寓,2024Q1,38,14.52,19.23,123,19.1%
臺中市,烏日區,住宅大樓,2025Q1,68,37.6,40.94,109,11.5%
高雄市,鹽埕區,住宅大樓,2024Q3,34,18.16,42,104,15.2%
臺中市,大里區,公寓,2025Q1,11,19.26,27.34,135,16.4%
臺北市,南港區,透天厝,2025Q3,1,159.47,141.43,269,28.9%
臺南市,安南區,透天厝,2025Q1,132,29.88,38.19,116,14%
高雄市,仁武區,透天厝,2024Q2,242,34.18,41,113,12.5%
臺中市,西屯區,住宅大樓,2025Q3,285,37.23,47.62,148,15.4%
臺中市,烏日區,住宅大樓,2025Q4,34,39.82,39.19,136,10.6%
桃園市,大園區,公寓,2025Q2,6,15.96,22.08,119,26.9%
臺中市,西屯區,透天厝,2024Q3,54,55.9,69.83,147,14.7%
高雄市,仁武區,住宅大樓,2024Q1,369,30.18,32.25,100,8%
高雄市,鹽埕區,透天厝,2025Q3,3,24.5,46.69,49,6.6%
新北市,八里區,公寓,2024Q1,1,17.15,30.77,50,9.1%
臺北市,信義區,公寓,2025Q4,30,73.47,85.36,151,16.7%
臺南市,仁德區,公寓,2025Q3,2,12.23,22.01,3,18.8%
臺中市,中區,公寓,2024Q1,2,23.2,32.99,201,4.6%
臺中市,北區,透天厝,2025Q1,38,50.81,61.56,139,13.3%
臺北市,大同區,透天厝,2024Q3,12,117.51,166.68,NULL,NULL
桃園市,大園區,透天厝,2025Q1,36,31.74,37.31,97,10.6%
臺中市,中區,透天厝,2024Q3,8,35.45,78.76,125,7.7%
臺中市,北區,公寓,2024Q2,116,25.64,31.44,104,10.7%
臺南市,東區,住宅大樓,2024Q1,333,30.76,30.8,108,12.7%
臺中市,北區,公寓,2025Q2,52,22.82,29.98,155,13.6%
高雄市,三民區,公寓,2025Q3,45,17.3,22.85,139,18%
新北市,泰山區,透天厝,2025Q3,8,72.09,52.44,183,19.7%
新北市,鶯歌區,住宅大樓,2024Q4,71,35.07,38.11,82,11.7%
臺北市,大同區,住宅大樓,2025Q2,79,82.21,95.02,124,13%
高雄市,新興區,透天厝,2025Q2,19,73.23,66.26,172,19.7%
新北市,土城區,公寓,2025Q1,57,38.76,48.9,96,14.4%
臺南市,永康區,公寓,2025Q2,5,18.61,24.06,127,15%
臺南市,永康區,透天厝,2024Q4,106,32.28,41.29,127,18%
桃園市,龜山區,公寓,2024Q3,67,24.69,29.35,75,15.1%
臺中市,大雅區,住宅大樓,2024Q2,49,31.39,32.6,60,5.9%
新北市,鶯歌區,透天厝,2024Q4,19,33.94,48.67,140,16.8%
桃園市,中壢區,透天厝,2025Q4,45,40.36,51.72,142,18%
臺南市,善化區,透天厝,2025Q4,16,30.21,36.6,125,18.8%
臺北市,大安區,透天厝,2024Q1,1,184.08,195.68,NULL,NULL
新北市,三重區,透天厝,2025Q2,9,74.37,101.94,35,18.4%
新北市,八里區,公寓,2025Q2,9,18.4,29.36,141,28.7%
臺北市,北投區,透天厝,2024Q4,5,61.74,121.91,119,22.1%
臺南市,北區,公寓,2025Q4,3,12.53,22.21,126,28%
臺中市,烏日區,公寓,2024Q4,2,24.9,27.99,31,10.5%
桃園市,中壢區,住宅大樓,2024Q4,602,34.35,40.14,82,11.8%
新北市,深坑區,公寓,2025Q2,8,30.16,33.43,71,12.5%
桃園市,八德區,公寓,2025Q1,17,20.28,27.22,130,16.6%
高雄市,左營區,透天厝,2025Q2,31,37.54,56.69,167,21%
臺中市,北屯區,公寓,2024Q1,75,23.08,31.36,91,11.9%
新北市,新莊區,住宅大樓,2025Q1,369,54.74,58.75,100,11.6%
臺南市,北區,透天厝,2024Q2,94,32.04,43.79,123,14.6%
臺中市,太平區,住宅大樓,2024Q1,612,33.37,33.27,93,8.5%
臺中市,神岡區,透天厝,2024Q1,52,44.85,40.89,94,9.8%
臺北市,萬華區,公寓,2025Q3,45,49.84,61.15,92,18.4%
臺中市,龍井區,公寓,2025Q2,10,20.63,27.84,154,17.9%
高雄市,苓雅區,住宅大樓,2025Q3,160,27.99,32.66,125,14.3%
新北市,中和區,公寓,2025Q3,143,43.92,53.77,130,15.6%
新北市,泰山區,公寓,2025Q1,16,31.98,40.82,89,14.4%
新北市,土城區,住宅大樓,2024Q2,584,57.1,55.57,65,9%
桃園市,桃園區,住宅大樓,2024Q1,1516,36.22,35.9,88,10.3%
臺北市,內湖區,公寓,2024Q2,147,58.13,67.36,75,9.9%
高雄市,鼓山區,公寓,2024Q2,54,18.03,22.54,85,14.2%
臺中市,北屯區,公寓,2025Q2,30,23.78,31.62,164,16.1%
桃園市,桃園區,透天厝,2024Q3,83,40.75,56.39,127,13.7%
高雄市,苓雅區,公寓,2025Q2,57,18.25,23.22,110,18.6%
臺北市,松山區,透天厝,2024Q3,1,230.7,163.94,NULL,NULL
高雄市,鳳山區,透天厝,2025Q1,93,35.24,44.95,113,14.6%
臺中市,南區,公寓,2024Q4,23,21.73,31.46,130,18.3%
臺北市,中山區,住宅大樓,2025Q1,337,87.35,101.75,115,11.8%
臺中市,大雅區,公寓,2025Q3,6,16.87,24.52,166,15.4%
臺中市,大雅區,透天厝,2025Q3,30,37.27,43.58,142,14.2%
臺中市,潭子區,透天厝,2024Q1,66,37.72,47.63,138,15%
臺中市,南區,公寓,2024Q3,21,24.04,31.87,58,12.2%
桃園市,龜山區,公寓,2024Q2,89,23.91,28.92,107,12.6%
新北市,中和區,住宅大樓,2024Q2,703,60.78,61.77,70,9.3%
新北市,三重區,公寓,2024Q1,242,42.82,54.77,98,15.7%
新北市,三峽區,住宅大樓,2024Q4,106,41.65,43.36,87,12.6%
臺中市,大雅區,透天厝,2025Q1,30,36.25,46.18,149,13.2%
臺南市,歸仁區,住宅大樓,2025Q2,61,31.38,33.49,115,14.5%
臺中市,中區,住宅大樓,2024Q3,55,24.08,32.74,119,14.2%
桃園市,桃園區,住宅大樓,2025Q2,617,36.5,38.83,111,12%
桃園市,八德區,透天厝,2024Q4,61,34.19,45.77,127,17.6%
臺北市,南港區,住宅大樓,2025Q1,65,91.27,102,100,11.9%
臺中市,西區,住宅大樓,2024Q2,306,33.52,38.94,82,9.1%
臺中市,烏日區,透天厝,2024Q1,61,35.78,48.76,86,12.9%
新北市,三峽區,透天厝,2025Q3,3,23.92,49.75,69,40.1%
新北市,五股區,住宅大樓,2024Q1,337,42.94,42.71,96,8.1%
臺北市,萬華區,住宅大樓,2024Q2,227,71.95,79.05,82,9.9%
新北市,土城區,透天厝,2024Q2,7,70.15,77.37,215,3.5%
臺中市,潭子區,透天厝,2024Q2,87,40.94,47.21,100,9.7%
高雄市,鼓山區,透天厝,2025Q4,7,27.84,50.21,140,12.2%
臺北市,北投區,透天厝,2024Q2,14,106.47,129.43,145,18.3%
新北市,三重區,透天厝,2024Q3,14,63.84,96.92,75,14.6%
新北市,樹林區,透天厝,2025Q3,14,43.65,59.83,122,12%
臺中市,潭子區,透天厝,2025Q2,42,32.52,50.14,95,15.6%
臺中市,西屯區,住宅大樓,2024Q2,999,40.22,47.64,89,8.7%
桃園市,中壢區,住宅大樓,2025Q4,202,36.07,39.55,147,13.7%
桃園市,龜山區,透天厝,2025Q4,5,32.41,53.23,134,21.5%
臺中市,北屯區,住宅大樓,2024Q4,381,36.74,43.64,90,11.1%
臺中市,南屯區,公寓,2024Q1,7,24.78,40.98,128,11.4%
高雄市,苓雅區,透天厝,2024Q4,38,39.65,57.91,120,21.5%
臺北市,萬華區,住宅大樓,2024Q1,176,65.67,74.12,86,11.3%
桃園市,蘆竹區,公寓,2025Q2,2,15.05,28.42,51,12.3%
臺中市,神岡區,住宅大樓,2025Q3,5,25.31,29.53,171,35.6%
桃園市,八德區,透天厝,2024Q3,83,31.06,46.33,124,16.6%
臺北市,文山區,透天厝,2025Q2,3,56.89,100.45,117,18.9%
臺中市,南區,透天厝,2025Q1,25,57.93,58.82,145,18.4%
臺中市,北屯區,住宅大樓,2025Q4,142,34.4,41.44,157,14.5%
新北市,五股區,公寓,2024Q2,29,27.8,36.71,74,8.9%
臺北市,文山區,公寓,2025Q3,70,49.61,58.86,133,16.7%
新北市,新莊區,公寓,2025Q3,127,38.66,47.76,123,15.3%
臺中市,南屯區,住宅大樓,2024Q3,403,40.74,44.94,77,7.9%
新北市,淡水區,透天厝,2024Q2,39,29.91,47.42,137,13.1%
臺中市,太平區,透天厝,2025Q1,104,39.34,46.98,119,13.5%
高雄市,小港區,公寓,2025Q1,31,13.97,19.19,91,16.6%
新北市,五股區,公寓,2025Q2,11,27.62,32.96,96,14.8%
臺中市,豐原區,透天厝,2024Q3,99,39.44,46.75,122,11%
臺中市,龍井區,公寓,2024Q3,17,19.35,29.3,107,17.3%
臺北市,萬華區,透天厝,2025Q3,11,94.03,134.59,94,21.6%
高雄市,楠梓區,住宅大樓,2024Q4,305,30.49,33.36,68,10.7%
高雄市,岡山區,住宅大樓,2024Q4,61,23.4,29.21,86,11.5%
桃園市,平鎮區,住宅大樓,2024Q1,284,25.77,27.38,93,10.4%
臺南市,善化區,住宅大樓,2025Q3,28,28.83,33.5,132,10.5%
新北市,淡水區,透天厝,2025Q2,12,27.84,48.96,168,16.3%
臺中市,北屯區,公寓,2024Q2,66,25.12,31.7,102,10.7%
新北市,三峽區,住宅大樓,2025Q4,49,42.97,43.01,163,11.3%
新北市,蘆洲區,住宅大樓,2024Q2,212,54.03,57.31,66,9.3%
臺中市,豐原區,透天厝,2025Q1,75,34.95,45.35,117,16.3%
臺南市,善化區,透天厝,2024Q3,56,32.95,38.56,140,12.8%
新北市,八里區,住宅大樓,2025Q4,28,29.79,33.79,124,12.7%
桃園市,八德區,透天厝,2025Q4,27,28.43,43.72,123,18.1%
新北市,深坑區,住宅大樓,2025Q4,9,41.31,40.26,136,11.1%
臺南市,永康區,公寓,2024Q3,10,16.58,24.54,104,19.1%
臺北市,中山區,透天厝,2024Q1,2,146,152.66,207,30.4%
高雄市,小港區,住宅大樓,2025Q3,84,24.59,26.47,118,12.4%
臺北市,萬華區,住宅大樓,2025Q2,102,69.65,80.69,97,13.4%
臺中市,豐原區,透天厝,2024Q4,62,44.25,46.43,90,19.4%
臺中市,豐原區,公寓,2025Q1,6,20.16,26.7,82,15.6%
桃園市,中壢區,住宅大樓,2024Q3,951,36.83,38.9,70,10%
臺北市,北投區,住宅大樓,2024Q4,140,68.31,72.59,79,11.8%
臺中市,太平區,公寓,2024Q4,15,12.83,26.14,121,13.7%
臺北市,中山區,公寓,2024Q1,88,68.98,81.51,119,12.5%
高雄市,苓雅區,公寓,2024Q1,97,17.01,21.69,91,13.5%
臺北市,大同區,公寓,2024Q2,35,60,71.07,117,11%
桃園市,蘆竹區,住宅大樓,2024Q1,440,31.88,32.92,86,10.4%
臺中市,潭子區,住宅大樓,2024Q1,97,28.67,31.93,84,9.8%
新北市,鶯歌區,住宅大樓,2024Q3,104,36.83,37.13,77,9.3%
臺南市,安南區,住宅大樓,2025Q4,35,29.15,33.8,151,15.4%
高雄市,前鎮區,透天厝,2024Q2,79,35.1,49.73,116,16%
桃園市,桃園區,公寓,2024Q1,96,21.72,29.45,93,15.9%
臺北市,北投區,住宅大樓,2024Q1,297,67.12,68.13,80,10.1%
臺中市,烏日區,透天厝,2025Q3,23,36.37,52.5,98,17.9%
臺北市,中山區,住宅大樓,2025Q4,116,87.87,100.9,117,12.1%
臺南市,安南區,公寓,2025Q2,9,13.14,26.05,160,27.3%
臺中市,西區,公寓,2024Q2,42,26.55,33.89,93,13%
新北市,八里區,公寓,2024Q2,9,22.54,28.65,131,13.9%
臺北市,北投區,住宅大樓,2024Q3,212,68.86,71.39,92,10%
臺北市,大同區,透天厝,2025Q4,4,133.16,145.96,NULL,NULL
臺南市,南區,公寓,2024Q3,29,14.89,24.34,89,19.9%
臺北市,北投區,公寓,2024Q1,103,48.55,55.08,91,12.8%
臺中市,大雅區,住宅大樓,2025Q2,32,30.11,34.49,95,10.9%
高雄市,楠梓區,住宅大樓,2025Q4,124,29.33,31.43,152,13%
臺中市,南屯區,透天厝,2024Q1,85,47.7,61.05,149,12.7%
高雄市,岡山區,住宅大樓,2024Q3,47,25.63,27.92,95,11.3%
臺南市,永康區,住宅大樓,2025Q1,220,26.33,30.38,119,13.7%
臺南市,中西區,公寓,2025Q4,5,17.54,22.71,NULL,NULL
高雄市,橋頭區,透天厝,2025Q3,11,22.36,43.91,78,13.7%
新北市,新莊區,住宅大樓,2025Q4,143,52.43,56.94,124,12.8%
高雄市,岡山區,公寓,2024Q1,3,12.69,21.5,NULL,NULL
高雄市,前金區,透天厝,2025Q4,5,31.58,51.9,87,15.8%
臺南市,仁德區,透天厝,2025Q1,40,30.56,44.13,133,14.3%
臺南市,歸仁區,住宅大樓,2024Q2,372,33.93,32.77,102,10.2%
臺中市,南區,透天厝,2025Q3,17,41.82,57.56,136,16.2%
臺北市,松山區,住宅大樓,2024Q4,152,93.81,110.67,70,12.3%
臺南市,中西區,公寓,2024Q4,12,19.32,26.08,87,16%
桃園市,楊梅區,透天厝,2024Q2,220,23.74,32.98,131,13.8%
臺中市,北屯區,公寓,2024Q4,34,23.81,32.01,104,13.9%
高雄市,前鎮區,公寓,2025Q2,31,17.52,22.18,93,20.8%
高雄市,仁武區,透天厝,2024Q3,136,32.32,44.13,103,12%
臺南市,佳里區,住宅大樓,2024Q1,53,21.55,22.89,95,9.9%
臺中市,中區,透天厝,2024Q4,3,54.31,69.73,5,7.6%
臺南市,安南區,住宅大樓,2025Q2,42,28.93,34.24,136,10.4%
臺北市,內湖區,住宅大樓,2025Q2,234,82.44,84.72,104,11.5%
臺北市,松山區,住宅大樓,2024Q2,270,103.47,104.78,76,9.6%
高雄市,仁武區,公寓,2025Q3,3,12.98,20.26,205,23%
臺南市,東區,公寓,2025Q1,29,17.21,24.13,143,19.2%
臺北市,中正區,透天厝,2024Q3,5,191.45,200.27,NULL,NULL
臺南市,東區,透天厝,2025Q1,68,37.29,50.05,110,14.2%
桃園市,桃園區,住宅大樓,2024Q2,1768,38.64,36.79,72,9.2%
臺中市,西屯區,公寓,2025Q4,8,25.23,33.68,201,19.6%
高雄市,仁武區,住宅大樓,2025Q2,65,30.15,34.04,132,14.4%
臺中市,南區,住宅大樓,2024Q2,450,32.91,36.47,76,8%
臺南市,歸仁區,透天厝,2025Q3,15,33.98,35.7,96,14.2%
桃園市,八德區,透天厝,2025Q1,65,30.53,44.65,127,15.8%
新北市,深坑區,透天厝,2025Q2,4,28.76,40.26,144,20.5%
新北市,三重區,住宅大樓,2024Q1,537,58.7,60.08,88,10%
桃園市,楊梅區,公寓,2025Q2,21,12.46,20.56,98,22.1%
新北市,深坑區,透天厝,2024Q4,1,38.66,42.53,64,10.4%
新北市,深坑區,公寓,2024Q2,6,24.07,31.21,138,16.3%
高雄市,左營區,公寓,2025Q4,5,17.1,24.2,179,11.7%
新北市,深坑區,公寓,2024Q4,7,30.32,33.81,112,18%
桃園市,楊梅區,公寓,2024Q4,28,14.36,20.12,118,18.3%
高雄市,苓雅區,透天厝,2024Q3,68,47.37,57.53,124,14.3%
桃園市,中壢區,公寓,2024Q1,115,20.95,26.88,115,16.1%
桃園市,桃園區,住宅大樓,2024Q4,598,35.5,38.71,78,11.5%
臺中市,北屯區,透天厝,2025Q3,70,44.85,59.57,141,17.1%
高雄市,前金區,透天厝,2024Q4,17,43.16,56.69,144,17%
新北市,蘆洲區,透天厝,2025Q1,3,62.68,132.2,216,22.2%
臺北市,士林區,住宅大樓,2025Q3,90,80.35,89.01,118,12.5%
高雄市,鼓山區,住宅大樓,2024Q3,360,41.52,42.1,79,8.1%
高雄市,楠梓區,透天厝,2025Q3,46,35.27,48.73,159,16.7%
臺南市,善化區,住宅大樓,2024Q2,164,30.56,34.11,90,11.1%
臺中市,豐原區,公寓,2025Q3,8,22.2,28.05,41,12.1%
臺北市,中山區,公寓,2024Q4,66,71.56,90.05,86,13.2%
臺中市,烏日區,公寓,2024Q2,3,20.03,30.49,195,2.4%
新北市,汐止區,透天厝,2025Q2,17,32.24,51.99,137,16.4%
臺南市,安平區,透天厝,2024Q1,35,31.44,40.4,141,16.7%
臺中市,龍井區,住宅大樓,2024Q3,58,31.31,35.97,85,10.5%
臺中市,南區,住宅大樓,2025Q2,169,33.16,37.62,112,12%
臺南市,中西區,公寓,2025Q1,7,20.56,25.5,105,13.9%
新北市,汐止區,透天厝,2024Q2,29,37.93,49.82,138,15.4%
高雄市,前鎮區,住宅大樓,2024Q1,346,29.41,30.13,91,11.9%
新北市,八里區,透天厝,2024Q2,8,37.97,41.78,223,15.9%
新北市,新莊區,透天厝,2025Q1,13,58.09,89.08,101,14.9%
臺南市,新營區,公寓,2024Q1,11,10.92,14.14,82,26%
新北市,永和區,住宅大樓,2024Q3,175,69.23,73.91,58,10.1%
臺中市,太平區,公寓,2025Q4,2,16.68,25.22,110,43.6%
臺北市,萬華區,公寓,2024Q1,74,48.32,60.51,84,14.9%
高雄市,新興區,透天厝,2024Q1,21,55.62,70.23,122,14.7%
臺南市,新營區,住宅大樓,2025Q3,25,18.81,22.43,88,11.8%
臺中市,潭子區,公寓,2025Q4,1,19.36,36.54,79,0.9%
新北市,三峽區,公寓,2025Q1,9,25.13,33.01,131,17.8%
新北市,蘆洲區,公寓,2025Q2,65,39.27,49.37,126,21%
桃園市,龜山區,透天厝,2024Q4,29,32.26,50.53,122,20.2%
桃園市,八德區,住宅大樓,2024Q2,542,34.18,33.47,59,9.5%
臺中市,潭子區,公寓,2024Q4,2,28.35,32.26,123,14.8%
臺南市,仁德區,透天厝,2025Q4,26,28.61,36.16,141,23.3%
臺南市,安南區,透天厝,2024Q3,173,32.5,38.66,130,15.1%
新北市,蘆洲區,公寓,2024Q2,123,40.23,48.89,93,13.6%
桃園市,大園區,公寓,2024Q1,8,12.65,21.03,107,16.8%
臺中市,北區,公寓,2024Q1,111,23.31,30,110,11.6%
臺北市,松山區,住宅大樓,2025Q2,163,96.53,110.86,94,12.1%
臺南市,南區,住宅大樓,2024Q3,113,27.89,28.65,96,10.8%
臺北市,信義區,透天厝,2024Q2,1,176.04,146.59,NULL,NULL
臺中市,西屯區,透天厝,2025Q1,48,56.67,69.33,158,16.8%
高雄市,楠梓區,住宅大樓,2025Q2,268,30.33,32.86,118,13%
新北市,板橋區,公寓,2024Q1,283,44.69,54.27,83,13.3%
臺中市,北區,住宅大樓,2025Q3,193,31.8,37.42,133,14%
桃園市,大園區,透天厝,2024Q3,64,31.14,39.16,84,9.6%
臺中市,西屯區,公寓,2024Q4,32,28.95,36.11,130,12.1%
高雄市,新興區,住宅大樓,2025Q1,84,29.01,35.8,98,17.5%
新北市,鶯歌區,透天厝,2025Q4,9,32.01,46.78,201,15.3%
臺中市,北區,透天厝,2024Q3,62,45.7,59.33,120,13.4%
高雄市,鹽埕區,住宅大樓,2025Q1,25,19,43.41,105,18.2%
高雄市,小港區,公寓,2025Q3,33,13.73,18.22,107,17.4%
臺中市,太平區,住宅大樓,2024Q3,469,35.56,36.02,79,7.6%
新北市,新莊區,公寓,2025Q1,125,39.27,48.8,115,17.4%
臺北市,信義區,透天厝,2025Q2,4,114.95,117.15,NULL,NULL
臺北市,南港區,公寓,2024Q1,47,61.25,70.49,104,10.4%
臺北市,信義區,住宅大樓,2024Q1,207,99.33,109.17,99,9.7%
臺南市,東區,透天厝,2025Q4,36,34.21,49.35,152,12.7%
桃園市,大園區,住宅大樓,2025Q2,73,34.32,41.29,106,12.3%
新北市,永和區,透天厝,2025Q2,5,88.58,124.45,258,20.1%
新北市,土城區,公寓,2024Q3,81,38.45,48.37,99,12.2%
新北市,三峽區,公寓,2025Q4,5,22.1,33.57,87,14.3%
高雄市,鹽埕區,公寓,2025Q3,4,15.99,20.9,124,37.9%
新北市,蘆洲區,透天厝,2025Q4,2,104.61,93.44,NULL,NULL
臺中市,西屯區,公寓,2025Q1,77,58.53,36.14,114,13.7%
高雄市,新興區,公寓,2025Q3,5,17.06,24.8,118,22.3%
臺北市,大同區,透天厝,2025Q1,13,102.38,160.98,NULL,NULL
臺北市,信義區,住宅大樓,2025Q1,129,100.89,121.45,118,11.4%
臺南市,新化區,透天厝,2025Q4,12,22.25,35.7,132,22.1%
新北市,永和區,公寓,2024Q2,154,51.77,60.79,84,12.5%
桃園市,平鎮區,住宅大樓,2024Q3,270,29.73,30.04,62,10.9%
臺南市,永康區,透天厝,2024Q2,180,32.32,42.37,120,12.5%
臺中市,西屯區,透天厝,2024Q1,85,51.7,64.42,137,15.2%
桃園市,楊梅區,透天厝,2025Q2,108,27.14,32.12,118,19.3%
臺中市,太平區,透天厝,2024Q1,187,37.64,43.94,122,13.8%
新北市,林口區,公寓,2024Q3,7,27.11,39.73,32,9.8%
臺北市,中正區,公寓,2024Q1,40,74.35,86.72,128,13.2%
臺南市,南區,住宅大樓,2025Q4,35,25.3,27.61,134,17%
新北市,中和區,住宅大樓,2025Q4,122,59.23,64.95,125,13.3%
臺北市,南港區,公寓,2024Q4,27,66.98,84.77,32,14.7%
高雄市,三民區,透天厝,2024Q4,93,37.2,51.49,124,14.8%
臺北市,大安區,公寓,2025Q2,67,89.4,107.08,104,13.9%
桃園市,中壢區,公寓,2024Q4,73,20.84,28.81,92,17.8%
臺北市,大安區,公寓,2024Q4,78,87.39,104.23,87,12.5%
臺中市,中區,透天厝,2025Q3,5,34.77,69.68,254,14.4%
臺南市,安平區,透天厝,2024Q4,19,32.77,39.98,125,15.8%
桃園市,平鎮區,公寓,2025Q2,30,16.03,24.28,120,22.9%
桃園市,楊梅區,透天厝,2024Q4,113,25.19,33.11,127,17%
臺北市,南港區,公寓,2025Q2,35,58.2,77.1,76,12.6%
臺中市,大雅區,公寓,2024Q2,6,18.29,26.51,161,25.6%
臺南市,永康區,公寓,2025Q1,7,16.46,23.77,99,18.4%
高雄市,三民區,透天厝,2025Q2,84,44.5,49.7,132,18.3%
臺南市,新市區,住宅大樓,2024Q2,115,30.3,33.26,99,9.5%
高雄市,岡山區,公寓,2025Q1,3,14.64,23.06,20,9.6%
臺北市,內湖區,透天厝,2024Q1,9,76.69,107.06,131,12.5%
新北市,蘆洲區,透天厝,2024Q1,1,67.39,78.56,195,18.5%
新北市,新莊區,透天厝,2025Q3,10,57.83,83.38,87,14.1%
臺北市,信義區,透天厝,2025Q1,3,81.25,125.86,15,2.8%
新北市,林口區,住宅大樓,2024Q3,377,51.95,52.39,59,8%
新北市,鶯歌區,公寓,2025Q1,8,24.82,30.68,103,18.1%
臺中市,東區,透天厝,2024Q3,35,38.7,60.52,116,15.9%
臺南市,佳里區,透天厝,2024Q4,52,21.21,29.8,100,13%
臺中市,龍井區,透天厝,2024Q1,91,25.29,40.77,125,11.7%
高雄市,前鎮區,透天厝,2024Q4,43,31.6,49.67,126,16.9%
臺中市,豐原區,住宅大樓,2024Q4,71,28.95,34.51,83,12.2%
高雄市,前鎮區,住宅大樓,2025Q2,177,31.51,32.11,107,12.3%
臺南市,安平區,透天厝,2025Q2,24,28.25,39.33,126,16.7%
高雄市,鳳山區,住宅大樓,2024Q4,263,28.47,31.35,82,11.6%
新北市,汐止區,住宅大樓,2024Q1,470,41.99,44.66,80,10.5%
臺南市,新市區,透天厝,2024Q2,49,33.1,36.8,99,12%
新北市,深坑區,透天厝,2025Q3,4,26.77,50.5,NULL,NULL
臺中市,豐原區,住宅大樓,2025Q2,53,30.35,34.45,116,13.5%
臺北市,大安區,住宅大樓,2025Q1,226,117.05,131.14,108,10.7%
臺南市,中西區,透天厝,2025Q4,19,31.65,49.65,146,22.5%
桃園市,蘆竹區,住宅大樓,2024Q4,211,33.28,36.22,71,11.1%
桃園市,蘆竹區,住宅大樓,2024Q3,335,30.31,35.62,67,9.8%
臺北市,信義區,住宅大樓,2024Q4,132,103.5,116.67,104,11.8%
桃園市,蘆竹區,公寓,2025Q1,4,22.55,27.29,126,23%
高雄市,前鎮區,透天厝,2024Q3,56,36.44,49.33,125,15.8%
高雄市,左營區,公寓,2024Q2,15,16.29,25.74,37,13%
新北市,八里區,透天厝,2025Q4,2,31.04,39.41,103,7.9%
臺中市,西區,透天厝,2025Q4,11,53.16,73.81,169,16.1%
臺中市,西屯區,住宅大樓,2025Q1,336,38.48,48.72,127,13.1%
高雄市,鹽埕區,透天厝,2024Q1,17,47.98,39.15,112,13.6%
桃園市,中壢區,公寓,2025Q1,56,21.9,28.83,114,18.5%
新北市,淡水區,住宅大樓,2025Q2,608,33.7,36.6,124,12.1%
臺中市,西區,公寓,2025Q4,10,23.93,31.67,100,18.4%
高雄市,苓雅區,住宅大樓,2024Q2,447,31.61,32.64,104,10.5%
高雄市,鳳山區,公寓,2025Q2,65,18.23,22.66,120,17.5%
桃園市,楊梅區,透天厝,2024Q3,149,24.82,35,109,15.9%
臺北市,南港區,公寓,2024Q3,44,65.55,79.05,91,13.5%
臺南市,仁德區,公寓,2024Q1,3,17.59,21.48,128,6.8%
臺中市,東區,公寓,2025Q4,3,20.12,29.21,161,17.7%
新北市,五股區,透天厝,2024Q4,6,52.93,71.93,64,18.9%
臺南市,中西區,住宅大樓,2025Q4,41,26.25,31.35,136,13.7%
臺北市,內湖區,公寓,2024Q4,74,58.5,69.72,107,16.3%
新北市,中和區,透天厝,2024Q3,15,73.88,110.38,153,11.8%
高雄市,橋頭區,公寓,2024Q3,1,9.93,20.27,NULL,NULL
新北市,深坑區,公寓,2025Q1,7,29.43,32.57,66,16.3%
臺南市,南區,透天厝,2024Q3,69,29.27,43.05,130,15.4%
臺中市,北區,住宅大樓,2024Q2,482,33.55,36.87,81,10.5%
新北市,汐止區,住宅大樓,2024Q2,523,44.03,46.07,63,9.9%
臺北市,南港區,透天厝,2024Q1,1,192.13,132.26,NULL,NULL
臺中市,神岡區,公寓,2024Q2,1,15.07,22.67,NULL,NULL
高雄市,新興區,透天厝,2024Q4,19,72.24,65.09,97,17.9%
高雄市,三民區,住宅大樓,2025Q3,309,31.59,33.98,137,14.9%
高雄市,鹽埕區,住宅大樓,2024Q1,51,23.14,33.83,90,12.9%
新北市,永和區,透天厝,2025Q3,4,100.05,118.47,NULL,NULL
臺北市,松山區,公寓,2025Q2,44,75.23,92.94,118,13.5%
高雄市,岡山區,透天厝,2024Q1,73,30.3,39.78,110,11.6%
新北市,林口區,公寓,2025Q2,12,22.71,41.83,89,16.6%
高雄市,新興區,透天厝,2025Q1,14,68.26,63.37,175,18.5%
新北市,蘆洲區,公寓,2025Q4,27,39.63,49,172,15.9%
高雄市,小港區,透天厝,2025Q2,67,30.06,33.72,148,21.1%
高雄市,橋頭區,住宅大樓,2024Q1,373,29.14,29.4,89,8.2%
新北市,泰山區,公寓,2024Q1,34,30.28,35.25,105,11.5%
新北市,汐止區,透天厝,2025Q4,7,31.94,51.86,185,22.3%
桃園市,桃園區,公寓,2024Q4,52,23.66,33.49,100,18.3%
新北市,土城區,透天厝,2025Q1,8,45.03,69.76,226,22.8%
臺北市,大安區,透天厝,2025Q1,4,123.95,188.86,54,16.7%
新北市,蘆洲區,住宅大樓,2024Q4,119,55.61,59.7,87,12.4%
桃園市,楊梅區,住宅大樓,2025Q3,134,22.6,26.4,116,14.3%
新北市,五股區,透天厝,2025Q2,8,54.41,49.59,19,22%
臺北市,內湖區,公寓,2025Q1,79,58.18,68.64,113,13.8%
臺南市,安南區,公寓,2025Q1,6,12.67,26.58,137,26.9%
臺南市,安平區,住宅大樓,2025Q2,96,26.72,33.54,110,13.4%
高雄市,三民區,公寓,2024Q2,141,17.73,22.45,91,14.2%
高雄市,岡山區,住宅大樓,2025Q1,50,24.89,29.46,114,12.1%
新北市,永和區,公寓,2024Q1,137,49.93,57.44,99,11.3%
臺南市,北區,住宅大樓,2024Q3,147,35.13,33.9,74,10.5%
新北市,鶯歌區,公寓,2024Q3,10,22.7,29.34,91,13.5%
臺中市,北屯區,透天厝,2024Q2,223,45,56.79,130,11.6%
臺中市,西區,住宅大樓,2025Q4,79,30.37,38.3,139,14.6%
新北市,土城區,住宅大樓,2025Q2,218,56.7,59.14,86,10.9%
新北市,鶯歌區,公寓,2024Q4,13,20.62,29.88,53,14%
高雄市,前鎮區,公寓,2025Q3,23,16.66,22.04,118,17.9%
高雄市,前鎮區,住宅大樓,2024Q3,309,32.99,32.19,82,10%
臺北市,松山區,住宅大樓,2025Q1,156,98.66,110.99,111,11.2%
臺中市,烏日區,透天厝,2024Q2,66,36.83,52.99,96,12.1%
高雄市,岡山區,透天厝,2024Q2,66,29.92,40.44,108,12%
桃園市,平鎮區,公寓,2024Q4,31,16.11,23.52,117,25%
桃園市,楊梅區,透天厝,2025Q1,94,25.13,32.55,145,16.7%
新北市,板橋區,透天厝,2024Q3,17,92.74,111.96,105,12%
臺南市,東區,住宅大樓,2024Q3,238,33.75,32.72,92,12.5%
臺南市,永康區,透天厝,2024Q1,180,33.3,40.45,117,14%
新北市,板橋區,住宅大樓,2025Q4,132,64.43,70.12,110,11.8%
臺北市,文山區,住宅大樓,2025Q4,55,77.29,76.13,103,11.6%
桃園市,中壢區,住宅大樓,2025Q1,597,35.33,40.17,114,12%
新北市,土城區,透天厝,2024Q4,7,65.91,68.97,57,11.6%
高雄市,前金區,公寓,2024Q1,6,19.37,26.16,33,18.7%
桃園市,八德區,公寓,2025Q3,15,19.82,24.65,113,19.4%
高雄市,鳳山區,住宅大樓,2025Q2,286,27.35,30.55,106,13.1%
臺北市,士林區,透天厝,2025Q3,4,86.38,156.67,NULL,NULL
高雄市,前鎮區,住宅大樓,2024Q4,224,33.85,32.28,69,12.8%
臺北市,大安區,透天厝,2024Q4,3,242.83,174.15,NULL,NULL
高雄市,鹽埕區,透天厝,2024Q2,18,48.12,51.94,125,14.7%
桃園市,平鎮區,公寓,2024Q3,33,18.24,24.29,88,15.5%
新北市,蘆洲區,住宅大樓,2025Q1,111,55.92,60.24,99,11%
桃園市,龜山區,住宅大樓,2025Q4,116,40.64,42.01,148,12.3%
高雄市,三民區,公寓,2024Q1,87,17.13,21.32,112,15.9%
新北市,中和區,透天厝,2025Q2,10,83.6,107.66,90,13.3%
臺南市,南區,透天厝,2024Q4,73,30.05,42.27,132,16.7%
臺南市,東區,公寓,2024Q1,34,16.54,22.81,92,16.1%
新北市,新店區,公寓,2025Q1,104,40.87,47.42,117,14.9%
臺中市,西屯區,住宅大樓,2025Q4,184,35.98,47.41,146,15.8%
新北市,土城區,透天厝,2025Q4,3,35.96,86.48,NULL,NULL
高雄市,小港區,住宅大樓,2025Q2,105,26.24,27.24,105,14.2%
臺南市,安南區,透天厝,2024Q1,309,30.9,36.92,103,14%
新北市,八里區,透天厝,2025Q1,1,26.74,40.99,NULL,NULL
臺南市,善化區,住宅大樓,2025Q4,35,24.33,32.7,99,14.6%
新北市,淡水區,公寓,2024Q3,87,21.74,27.7,80,14.7%
臺南市,仁德區,住宅大樓,2024Q3,129,28.5,31.76,124,11.7%
臺北市,松山區,透天厝,2025Q1,1,175.89,178.22,NULL,NULL
臺中市,太平區,住宅大樓,2024Q4,191,33.42,36.52,99,11.7%
新北市,土城區,透天厝,2024Q3,5,50.24,71.15,95,21.8%
高雄市,鳳山區,透天厝,2025Q3,76,31.76,43.25,158,16.5%
臺北市,北投區,公寓,2024Q3,85,53.78,59.82,96,14.5%
新北市,新店區,住宅大樓,2024Q3,387,56.72,60.07,76,9.7%
臺南市,新營區,公寓,2024Q3,8,10.97,15.77,29,7.3%
桃園市,桃園區,住宅大樓,2025Q1,635,36.15,38.87,106,11.8%
臺南市,歸仁區,公寓,2024Q2,2,24.37,29.18,NULL,NULL
臺南市,佳里區,透天厝,2024Q3,69,24.86,29.84,94,14.9%
臺中市,龍井區,住宅大樓,2025Q4,12,29.94,33.26,117,10%
臺中市,大里區,公寓,2024Q1,22,19.08,25.2,83,11.9%
臺南市,新化區,透天厝,2024Q4,11,21.59,36.95,120,29.7%
臺南市,安平區,透天厝,2024Q3,26,34.74,41.43,131,10.9%
桃園市,八德區,住宅大樓,2025Q4,57,32.78,34.24,145,12.2%
臺中市,南區,公寓,2025Q3,19,21.69,29.28,132,15.4%
臺中市,太平區,透天厝,2024Q2,222,36.45,45.27,114,12.8%
臺北市,南港區,住宅大樓,2024Q1,101,83.73,90.73,89,9.5%
新北市,蘆洲區,住宅大樓,2025Q4,49,59.2,58.24,139,11.9%
桃園市,桃園區,公寓,2025Q2,52,24.23,31.37,115,15.2%
桃園市,桃園區,透天厝,2025Q1,52,42.17,59.95,125,15.7%
臺中市,南屯區,住宅大樓,2025Q4,124,36.74,42.5,151,13.7%
新北市,中和區,住宅大樓,2025Q1,317,62.2,66.27,104,10.9%
高雄市,楠梓區,透天厝,2024Q2,156,32.69,42.69,116,11.6%
新北市,樹林區,公寓,2025Q2,49,30.64,39.65,105,16%
臺中市,北屯區,公寓,2025Q1,31,25.36,32.19,99,15.5%
臺南市,南區,住宅大樓,2025Q1,48,27.03,27.7,107,11.8%
新北市,土城區,住宅大樓,2024Q4,187,53.71,58.32,71,11.5%
桃園市,桃園區,公寓,2024Q3,68,22.87,32.23,82,17.4%
高雄市,左營區,住宅大樓,2024Q1,1258,33.95,33.57,95,9.8%
臺北市,中山區,公寓,2025Q3,44,69.1,89.55,87,14.9%
臺北市,中山區,透天厝,2024Q2,1,188.91,169.46,NULL,NULL
高雄市,小港區,住宅大樓,2024Q4,66,24.36,27.39,80,9.8%
高雄市,前金區,公寓,2024Q2,4,19.22,33.95,45,10.6%
臺北市,大同區,住宅大樓,2025Q3,87,87.12,96.26,96,12.6%
新北市,蘆洲區,住宅大樓,2024Q3,156,56.73,59.23,65,9.5%
新北市,鶯歌區,住宅大樓,2025Q4,16,34.15,37.92,174,17.3%
高雄市,岡山區,住宅大樓,2025Q4,20,24.51,28.97,115,12.5%
新北市,土城區,公寓,2025Q3,44,38.11,48.23,125,17.4%
臺南市,新營區,住宅大樓,2024Q2,102,21.84,18.62,77,9.8%
新北市,八里區,住宅大樓,2024Q2,130,29.42,33.27,84,10.6%
臺南市,永康區,住宅大樓,2024Q1,416,27.14,28.85,96,12.1%
臺北市,中正區,透天厝,2025Q4,1,196.42,171.74,NULL,NULL
新北市,新店區,公寓,2024Q3,164,41.72,46.79,77,13.5%
桃園市,平鎮區,住宅大樓,2024Q4,134,26.93,30.55,90,13.1%
臺北市,信義區,公寓,2025Q3,50,67.26,86.8,103,15.3%
高雄市,楠梓區,透天厝,2024Q3,81,34.65,46.78,120,11.7%
新北市,泰山區,公寓,2024Q2,50,30.97,36.47,89,13.1%
臺北市,中山區,公寓,2025Q1,46,71.13,88.54,88,13.8%
臺南市,安平區,住宅大樓,2024Q4,104,26.29,33.86,76,11.3%
高雄市,仁武區,公寓,2024Q2,9,13.28,23.44,100,21.4%
臺中市,烏日區,住宅大樓,2025Q3,60,37.4,39.83,140,10%
臺北市,松山區,公寓,2024Q4,34,75.46,98.51,84,11.4%
高雄市,楠梓區,公寓,2025Q1,15,17.08,22.48,127,15.7%
臺中市,東區,住宅大樓,2024Q4,49,32.18,40.71,89,11.3%
臺北市,文山區,公寓,2024Q1,126,49.29,57.21,111,12.3%
臺北市,萬華區,公寓,2024Q2,102,51.98,62.17,97,14.3%
臺北市,萬華區,住宅大樓,2025Q4,49,72.94,81.42,114,12%
新北市,永和區,住宅大樓,2025Q4,47,67.98,71.78,115,13.3%
臺北市,中正區,住宅大樓,2024Q2,206,102.41,110.38,82,8.9%
高雄市,楠梓區,公寓,2025Q4,15,15.89,21.45,101,20.3%
臺北市,士林區,住宅大樓,2024Q2,196,84.24,86.77,91,10.9%
臺南市,新市區,住宅大樓,2024Q1,66,30.37,32.46,66,9.9%
高雄市,鼓山區,透天厝,2025Q2,21,28.95,52.49,135,23.6%
臺中市,神岡區,住宅大樓,2024Q2,15,23.05,30.89,43,11%
臺南市,新化區,公寓,2024Q1,1,21.86,19.87,NULL,NULL
臺中市,潭子區,透天厝,2025Q4,19,38.83,48.67,134,16.1%
高雄市,鳳山區,住宅大樓,2024Q3,480,30.9,31.03,70,9.2%
新北市,新莊區,住宅大樓,2024Q2,814,55.66,57.52,78,9.1%
臺北市,內湖區,透天厝,2024Q2,10,76.48,97.74,145,14.9%
臺中市,西區,透天厝,2025Q1,27,65.85,76.49,172,19.8%
臺中市,南屯區,透天厝,2024Q4,41,49.34,64.69,100,12%
新北市,新店區,透天厝,2024Q1,62,40.22,54.68,151,16.6%
臺北市,士林區,公寓,2024Q1,118,57.62,69.32,96,13.1%
新北市,中和區,公寓,2024Q2,305,44.71,53.06,89,13.5%
新北市,樹林區,透天厝,2024Q2,20,49.07,63.06,112,14.7%
高雄市,苓雅區,透天厝,2025Q3,48,38.97,53.89,126,18%
新北市,泰山區,透天厝,2025Q4,1,46.79,52.96,NULL,NULL
臺北市,大安區,住宅大樓,2024Q3,238,114.97,130.76,79,8.7%
臺中市,潭子區,住宅大樓,2024Q3,152,35.53,34.36,70,9.3%
桃園市,楊梅區,公寓,2025Q3,13,13.05,19.66,116,24.8%
桃園市,蘆竹區,透天厝,2024Q2,69,31.44,42.02,120,13.6%
高雄市,仁武區,公寓,2024Q3,3,12.53,25.82,170,18.3%
臺北市,士林區,住宅大樓,2024Q3,123,86.49,89.47,75,9%
新北市,鶯歌區,住宅大樓,2025Q1,73,35.34,38.7,106,11.6%
新北市,中和區,公寓,2025Q2,155,44.35,53.59,107,15.7%
臺南市,中西區,透天厝,2025Q1,44,34.95,55.25,114,15.9%
高雄市,岡山區,公寓,2024Q4,5,13.93,25.51,31,29.5%
新北市,三重區,住宅大樓,2024Q2,690,61.89,61.49,77,8.6%
臺中市,龍井區,住宅大樓,2025Q1,54,29.94,35.54,108,14.8%
新北市,汐止區,公寓,2024Q1,97,30.73,37.71,103,15.2%
臺中市,西屯區,住宅大樓,2024Q3,672,40.32,49.18,90,10.1%
高雄市,前鎮區,透天厝,2025Q1,41,36.66,49.51,129,19.1%
新北市,五股區,公寓,2024Q3,29,27.6,34.09,84,11.4%
新北市,樹林區,住宅大樓,2024Q1,152,40.75,42.04,89,8.8%
高雄市,橋頭區,透天厝,2025Q2,16,27.53,44.48,125,17.8%
高雄市,小港區,透天厝,2024Q3,116,29.83,37.46,156,12.3%
臺北市,中山區,透天厝,2024Q4,6,148.91,177.28,NULL,NULL
臺中市,烏日區,透天厝,2025Q1,40,43.02,53.66,110,14.9%
臺中市,烏日區,透天厝,2024Q4,19,35.01,55.22,85,14%
臺中市,龍井區,公寓,2024Q1,22,20.37,29.8,155,15.7%
臺中市,太平區,住宅大樓,2025Q3,102,31.72,34.26,143,13%
臺北市,萬華區,住宅大樓,2024Q3,158,70.87,80.59,76,11%
高雄市,鼓山區,住宅大樓,2024Q4,177,38.1,42.34,87,11.6%
高雄市,小港區,住宅大樓,2024Q2,257,25.76,26.11,64,10.3%
新北市,新莊區,公寓,2024Q2,261,38.85,47.23,100,13.7%
臺中市,中區,公寓,2025Q2,4,15.49,29.31,NULL,NULL
新北市,汐止區,透天厝,2025Q1,24,33.68,52.49,145,24.4%
新北市,深坑區,住宅大樓,2025Q3,13,38.91,41.16,96,13.1%
桃園市,大園區,透天厝,2024Q1,67,27.26,39.93,127,12.3%
臺中市,北區,透天厝,2024Q1,72,42.03,61.05,135,13.3%
新北市,八里區,公寓,2024Q4,2,20.27,29,NULL,NULL
臺北市,北投區,透天厝,2025Q1,5,75.59,125.94,145,22.1%
臺南市,歸仁區,住宅大樓,2024Q4,43,32.44,34.05,129,15.5%
桃園市,龜山區,住宅大樓,2024Q4,257,41.27,44.41,80,10.3%
臺北市,松山區,住宅大樓,2025Q4,53,102.54,111.08,124,12%
臺南市,北區,公寓,2025Q3,2,12.71,21.7,32,6%
新北市,中和區,住宅大樓,2024Q3,481,61.09,63.93,70,10.1%
臺中市,中區,住宅大樓,2025Q4,24,23.4,32.36,143,18%
臺中市,南區,住宅大樓,2024Q3,303,33.66,37.89,65,9.1%
臺北市,大安區,透天厝,2025Q3,3,150.28,171.55,39,11.2%
臺中市,北屯區,公寓,2025Q4,3,20.52,30.24,71,14.6%
新北市,三重區,公寓,2024Q3,195,47.12,59.98,87,14.5%
臺北市,中山區,透天厝,2024Q3,6,142.4,147.87,NULL,NULL
臺中市,烏日區,公寓,2025Q1,1,8.08,29.63,NULL,NULL
臺中市,神岡區,住宅大樓,2024Q4,10,26.36,30.26,33,9.5%
新北市,中和區,公寓,2024Q1,254,43.72,52.7,101,13.3%
桃園市,桃園區,住宅大樓,2025Q4,248,35.02,38.72,138,12.6%
桃園市,中壢區,透天厝,2025Q3,102,39.87,53.55,145,19.4%
新北市,林口區,住宅大樓,2024Q2,435,47.51,49.91,72,7.4%
臺北市,萬華區,公寓,2025Q4,31,52.19,62.1,133,19.2%
臺南市,南區,透天厝,2025Q3,41,29.42,40.8,138,18.3%
新北市,板橋區,透天厝,2024Q2,19,86.19,105.03,151,19.5%
新北市,五股區,公寓,2025Q4,6,30.72,32.92,79,17.8%
臺南市,北區,透天厝,2025Q1,47,31.49,44.87,131,17.5%
臺中市,北屯區,住宅大樓,2025Q3,352,37.9,41.88,141,13.4%
臺南市,新營區,公寓,2025Q2,6,12.5,15.35,102,12.2%
臺南市,安平區,住宅大樓,2024Q2,266,28.61,31.54,93,11%
臺南市,新營區,透天厝,2025Q2,37,20.7,27.5,123,20%
臺中市,北屯區,透天厝,2024Q4,109,45.69,60.73,137,15.6%
臺中市,潭子區,住宅大樓,2025Q2,71,29.22,34.2,130,12.3%
臺南市,東區,公寓,2024Q2,34,18.34,24.47,130,18.1%
高雄市,小港區,透天厝,2024Q2,183,28.59,34.26,120,13.9%
臺北市,文山區,公寓,2024Q4,68,50.58,60.84,82,13.2%
桃園市,平鎮區,住宅大樓,2025Q3,131,27.48,29.4,117,13%
臺南市,善化區,住宅大樓,2025Q1,42,31.18,34.64,145,13%
臺中市,北區,住宅大樓,2024Q4,238,31.42,38.83,97,13%
高雄市,鼓山區,住宅大樓,2025Q4,86,35.49,40.96,152,13%
高雄市,前金區,住宅大樓,2025Q2,66,30.41,39.24,86,14.2%
臺中市,神岡區,住宅大樓,2025Q2,3,19.94,28.98,115,11.5%
高雄市,新興區,公寓,2024Q1,10,17.78,26.68,109,16.5%
新北市,新店區,透天厝,2025Q2,27,45.02,58.71,181,15.8%
臺中市,豐原區,透天厝,2025Q3,49,31.25,44.89,137,16.4%
新北市,樹林區,透天厝,2025Q4,5,47.1,64.14,119,15.1%
高雄市,鼓山區,透天厝,2024Q3,34,48.77,56.87,104,13.5%
臺中市,南區,住宅大樓,2025Q4,77,33.6,36.75,146,13.8%
臺中市,大里區,住宅大樓,2024Q2,190,30.29,32.27,77,8.5%
臺中市,潭子區,透天厝,2024Q3,72,37.57,49.08,101,10.5%
新北市,深坑區,公寓,2025Q4,3,34.7,34.68,81,12.2%
臺南市,善化區,透天厝,2025Q3,25,30.94,35.26,188,19.9%
高雄市,仁武區,透天厝,2024Q4,88,33.26,43.85,102,15.4%
臺中市,大雅區,公寓,2025Q4,1,26.5,25.87,NULL,NULL
臺北市,士林區,透天厝,2025Q1,8,85.49,156.07,165,18.9%
高雄市,橋頭區,住宅大樓,2024Q2,215,30.42,31.94,61,8%
高雄市,新興區,透天厝,2025Q3,12,49.44,65.51,168,17.4%
臺中市,神岡區,公寓,2025Q1,1,18.84,23.98,NULL,NULL
臺中市,南區,住宅大樓,2024Q4,181,33.7,38.31,76,9.4%
桃園市,桃園區,透天厝,2025Q4,27,37.44,55.72,136,23.1%
桃園市,中壢區,住宅大樓,2025Q3,426,35.41,39.96,133,12.8%
高雄市,仁武區,住宅大樓,2024Q4,67,34.26,34.89,92,9.5%
臺北市,萬華區,透天厝,2024Q1,15,87.6,118.94,102,17.3%
臺南市,北區,住宅大樓,2024Q2,243,33.88,33.54,89,10.7%
臺南市,歸仁區,住宅大樓,2024Q3,196,34.85,33.23,90,12.5%
新北市,八里區,公寓,2024Q3,8,27.27,31.63,39,14.6%
臺中市,神岡區,住宅大樓,2024Q1,34,30.4,30.05,122,8.2%
新北市,中和區,公寓,2024Q4,202,44.92,54.5,86,12.8%
臺中市,大里區,透天厝,2025Q1,68,33.79,46.99,116,15.8%
高雄市,鼓山區,公寓,2025Q1,26,17.19,23.31,141,14.1%
臺中市,北區,住宅大樓,2025Q1,233,32.07,38.43,111,11.8%
臺南市,安平區,透天厝,2024Q2,49,33.68,42.99,128,14%
新北市,林口區,透天厝,2025Q1,13,63.45,53,155,11.1%
臺中市,潭子區,透天厝,2024Q4,36,40.59,50.23,117,11.8%
臺南市,永康區,公寓,2025Q4,2,18.08,21.42,154,18.9%
高雄市,三民區,公寓,2025Q2,65,18.39,23.48,130,19%
臺中市,北區,公寓,2024Q3,85,24.36,31.5,108,13.1%
臺南市,善化區,住宅大樓,2024Q4,91,30.52,34.83,124,9.4%
臺北市,北投區,住宅大樓,2025Q3,110,69.12,73.93,136,13.3%
桃園市,桃園區,公寓,2024Q2,98,21.39,29.54,87,14.9%
臺南市,中西區,住宅大樓,2024Q4,63,25.31,31.09,86,15%
臺中市,南屯區,公寓,2025Q2,2,17.22,33.97,65,11.6%
臺北市,北投區,公寓,2025Q2,88,53.08,59.51,113,13.3%
桃園市,八德區,透天厝,2025Q3,52,29.91,42.56,113,18.7%
臺南市,佳里區,公寓,2025Q1,1,8.71,29.05,NULL,NULL
臺中市,北屯區,透天厝,2025Q1,109,53.91,60.29,139,12.9%
臺北市,文山區,公寓,2024Q3,105,53.69,60.17,60,11.6%
臺南市,中西區,公寓,2025Q3,8,16.77,24.17,104,18.1%
臺中市,東區,公寓,2025Q1,7,24.42,32.16,143,16.3%
臺中市,大雅區,公寓,2025Q1,5,19.26,25.09,29,14.3%
高雄市,橋頭區,透天厝,2025Q4,6,34.64,41.66,146,16.5%
高雄市,苓雅區,住宅大樓,2025Q4,100,26.57,31.9,132,12.4%
新北市,五股區,透天厝,2024Q2,6,36.75,64.53,130,5.2%
新北市,蘆洲區,透天厝,2024Q2,2,59.72,82.43,224,12.2%
臺中市,西區,住宅大樓,2024Q4,167,32.18,40.29,100,12.4%
臺中市,神岡區,透天厝,2025Q2,21,32.06,37.86,108,10.6%
高雄市,三民區,透天厝,2024Q2,150,36.32,48.55,116,14.1%
新北市,淡水區,住宅大樓,2024Q2,1504,31.81,34.72,91,9.4%
新北市,三峽區,透天厝,2024Q1,11,37.86,52.04,126,12.8%
新北市,三重區,公寓,2025Q2,156,44.27,58.68,107,16.4%
高雄市,仁武區,透天厝,2025Q4,24,31.66,40.85,189,19.5%
新北市,三峽區,公寓,2025Q2,6,21.81,35.02,142,20.3%
桃園市,大園區,公寓,2024Q3,8,17.28,27.11,62,13.6%
新北市,八里區,住宅大樓,2024Q3,105,30.48,34.01,78,10.9%
桃園市,龜山區,公寓,2025Q4,21,21.03,29.37,141,18.3%
臺中市,神岡區,透天厝,2024Q2,74,34.58,42.3,143,9.6%
高雄市,仁武區,住宅大樓,2024Q3,226,32.75,34.3,83,6.9%
新北市,新店區,透天厝,2024Q2,52,41.71,54.75,144,17.4%
臺中市,龍井區,透天厝,2024Q2,108,28.48,40.91,137,14%
臺南市,安平區,公寓,2025Q2,4,19.38,22.25,46,16.7%
臺北市,南港區,住宅大樓,2025Q3,76,93.75,98.23,106,12.5%
臺南市,新市區,透天厝,2024Q1,28,24.05,35.29,69,13.4%
新北市,新店區,公寓,2024Q4,102,38.99,47.6,97,15.1%
臺北市,信義區,住宅大樓,2025Q3,112,104.21,118.19,125,11%
臺南市,新市區,住宅大樓,2024Q4,88,32.57,34.81,116,8.8%
高雄市,新興區,住宅大樓,2024Q1,118,28.08,32.08,86,11.7%
新北市,三峽區,公寓,2024Q1,21,25.66,32.68,74,13%
臺南市,北區,透天厝,2025Q4,24,30.53,41.76,149,22.1%
新北市,新莊區,住宅大樓,2025Q3,315,54.88,56.97,122,11.9%
高雄市,鼓山區,公寓,2025Q4,6,13.42,22.65,157,16.2%
新北市,蘆洲區,公寓,2025Q1,59,42.07,50.11,119,13.2%
高雄市,岡山區,公寓,2025Q3,4,11.48,21.82,181,23.4%
臺北市,內湖區,住宅大樓,2025Q4,92,78.96,83.91,122,10.8%
臺中市,神岡區,公寓,2024Q3,1,17.3,26.14,100,15.5%
臺北市,內湖區,公寓,2024Q3,99,57.6,69.89,81,10.8%
桃園市,平鎮區,透天厝,2024Q4,105,32.69,40.67,96,17.5%
高雄市,前金區,透天厝,2025Q3,5,58.42,55.71,108,10.1%
高雄市,楠梓區,住宅大樓,2025Q3,220,31.69,32.07,139,14.3%
臺中市,大雅區,住宅大樓,2024Q4,34,30.23,34.46,61,8.5%
新北市,三峽區,住宅大樓,2025Q3,77,42.13,43.15,99,11.6%
新北市,新莊區,公寓,2024Q1,223,37.38,45.52,118,13.2%
桃園市,龜山區,透天厝,2025Q3,18,41.39,50.95,180,16%
臺南市,安南區,住宅大樓,2025Q3,46,28.7,33.75,110,12.9%
新北市,三重區,住宅大樓,2024Q3,425,63.78,64.56,69,10.1%
臺中市,北區,住宅大樓,2024Q3,323,32.02,38.06,78,11%
臺中市,潭子區,公寓,2025Q3,2,19.01,31.61,221,20.4%
桃園市,平鎮區,公寓,2024Q2,40,16.37,23.29,128,24.5%
新北市,泰山區,透天厝,2025Q2,5,52.54,60.01,200,5.8%
臺中市,南屯區,透天厝,2025Q3,35,45.67,60.01,146,17.2%
臺南市,東區,住宅大樓,2025Q2,154,29.99,33.17,118,14.7%
臺中市,北區,住宅大樓,2025Q4,84,31.34,36.98,131,15%
臺中市,大雅區,住宅大樓,2025Q4,11,27.95,33.3,184,17.7%
新北市,土城區,住宅大樓,2025Q1,186,54.14,58.33,100,9.9%
臺中市,北屯區,透天厝,2024Q3,155,46.85,59.69,124,13.9%
桃園市,蘆竹區,住宅大樓,2025Q3,156,32.9,35.76,134,13%
臺中市,太平區,公寓,2025Q3,10,19.44,25.55,136,21.2%
臺中市,西屯區,公寓,2025Q3,17,29.26,34.43,72,12.2%
臺北市,萬華區,公寓,2025Q1,49,55.69,65.09,104,14.9%
臺南市,新營區,透天厝,2024Q4,58,25.33,31.16,61,12.3%
臺北市,北投區,透天厝,2025Q4,3,72.32,127.47,228,7.3%
臺北市,士林區,住宅大樓,2025Q4,43,81.85,87.21,157,12.6%
臺南市,南區,公寓,2024Q1,42,14.85,19.69,137,21%
新北市,新店區,住宅大樓,2025Q2,265,58.09,62.23,104,10.7%
臺北市,大同區,透天厝,2025Q2,6,112.57,139.6,75,40.3%
臺南市,新化區,住宅大樓,2025Q2,7,20.27,26.71,81,13.6%
新北市,淡水區,住宅大樓,2024Q3,1083,33.28,36.09,81,9.2%
高雄市,前金區,住宅大樓,2024Q4,74,27.94,37.94,76,11%
高雄市,前鎮區,公寓,2025Q1,38,16.27,22.03,111,18.6%
高雄市,鹽埕區,住宅大樓,2024Q2,39,24.68,38.11,76,12.9%
臺中市,南區,透天厝,2024Q1,47,46.79,53.14,130,14.2%
臺南市,善化區,透天厝,2024Q2,80,34.2,37.97,123,11.8%
臺中市,西屯區,透天厝,2024Q2,88,47.61,67.13,117,13.8%
新北市,汐止區,公寓,2024Q2,125,32.22,39.47,97,13.7%
高雄市,鹽埕區,公寓,2024Q1,4,17.11,21.42,132,12.5%
臺中市,北屯區,透天厝,2025Q4,32,53.14,58.11,123,14.2%
高雄市,小港區,住宅大樓,2024Q1,211,24.76,25.83,88,11%
臺中市,大雅區,公寓,2024Q3,5,20.46,26.57,140,19.3%
高雄市,小港區,公寓,2024Q1,48,13.29,18.81,106,16.2%
高雄市,新興區,公寓,2024Q4,8,18.5,26.8,85,12.3%
臺中市,西屯區,公寓,2024Q2,58,31.22,34.93,128,11%
新北市,樹林區,住宅大樓,2024Q2,182,41.42,43.45,95,9.3%
臺中市,烏日區,透天厝,2025Q4,7,61.55,49.06,139,25.4%
臺北市,文山區,透天厝,2024Q1,10,61.74,98.03,58,14.6%
高雄市,新興區,住宅大樓,2025Q2,87,26.93,34.27,115,18%
臺中市,烏日區,透天厝,2024Q3,36,38.63,58.43,102,10.5%
臺南市,中西區,透天厝,2024Q3,33,36.16,49.04,115,14.8%
臺南市,永康區,透天厝,2024Q3,137,30.88,41.94,118,15.1%
臺中市,大雅區,住宅大樓,2025Q1,32,29.25,33.87,89,9.8%
新北市,永和區,公寓,2024Q3,91,53.31,63.06,68,10.7%
新北市,鶯歌區,透天厝,2025Q3,12,37.6,47.7,229,12.1%
臺南市,新營區,住宅大樓,2025Q1,40,19.59,22.13,80,12.7%
臺中市,豐原區,公寓,2024Q1,13,18.1,24.63,22,16.1%
臺中市,西區,公寓,2025Q1,28,23.44,34.84,135,19.5%
新北市,泰山區,透天厝,2024Q4,4,55.49,90.2,50,15.5%
臺北市,大同區,公寓,2025Q1,18,65.69,79.18,119,16.8%
桃園市,龜山區,透天厝,2024Q2,35,29.6,47.83,135,15%
臺北市,中山區,透天厝,2025Q1,4,127.38,180.55,139,11.3%
高雄市,三民區,住宅大樓,2024Q1,835,31.29,31.7,90,10.7%
臺北市,中正區,住宅大樓,2024Q1,198,103.71,110.97,106,10.6%
新北市,五股區,公寓,2024Q4,17,27.71,33.8,98,14.6%
桃園市,八德區,住宅大樓,2024Q4,177,33.48,35.18,82,9.9%
臺北市,南港區,住宅大樓,2024Q2,154,87.19,95.86,92,9.8%
臺南市,歸仁區,公寓,2025Q4,1,12.55,23.58,NULL,NULL
高雄市,左營區,住宅大樓,2025Q2,235,32.98,36.43,110,12.6%
桃園市,龜山區,公寓,2024Q4,47,22.2,28.78,97,14.9%
新北市,淡水區,透天厝,2025Q4,10,34.41,44.71,188,12.5%
新北市,五股區,住宅大樓,2025Q2,123,43.31,43.62,116,11.6%
臺中市,西屯區,住宅大樓,2024Q4,369,38.25,49.72,86,11.5%
臺南市,佳里區,透天厝,2025Q2,35,21.5,26.41,144,17.9%
桃園市,龜山區,住宅大樓,2025Q2,256,40.1,43.84,112,12.6%
新北市,汐止區,透天厝,2024Q4,16,33.95,49.69,120,24.5%
臺北市,大安區,住宅大樓,2024Q4,200,113.64,132.81,98,11.4%
新北市,三重區,住宅大樓,2025Q1,304,61.22,66.37,101,12.6%
臺北市,內湖區,住宅大樓,2025Q1,202,79.24,83.8,105,11.7%
桃園市,平鎮區,透天厝,2025Q2,119,28.97,39.61,126,18.6%
新北市,三重區,透天厝,2024Q1,23,61.87,101.3,103,17.7%
高雄市,左營區,住宅大樓,2024Q2,936,35,35.11,79,8%
臺南市,中西區,住宅大樓,2025Q2,71,25.78,31.39,100,15.6%
臺南市,仁德區,透天厝,2025Q3,39,30.72,36.97,154,15.3%
臺南市,安平區,公寓,2024Q1,1,13.39,35.24,15,12.4%
桃園市,蘆竹區,公寓,2025Q4,1,14.64,30.92,NULL,NULL
臺北市,大同區,公寓,2025Q4,11,61.41,77.28,141,13.2%
臺南市,新營區,住宅大樓,2025Q4,15,16.64,22.01,48,11.4%
臺中市,東區,透天厝,2025Q2,23,51.63,54.41,145,15.1%
新北市,土城區,住宅大樓,2024Q3,316,56.59,57.32,64,9.6%
臺南市,東區,透天厝,2025Q3,50,36.17,49.01,145,18.6%
新北市,五股區,公寓,2025Q1,27,26.79,34.26,101,16.8%
桃園市,龜山區,公寓,2025Q1,43,22.18,28.77,120,17%
臺中市,大雅區,透天厝,2024Q1,65,32.62,40.83,138,10.1%
新北市,中和區,住宅大樓,2024Q4,335,59.33,66.41,78,11.1%
新北市,淡水區,透天厝,2025Q1,11,36.96,51.4,172,17.3%
高雄市,鳳山區,公寓,2024Q2,107,17.51,23.07,86,15.6%
高雄市,苓雅區,公寓,2024Q3,72,18.03,22.03,98,14.5%
新北市,淡水區,公寓,2024Q2,121,21.12,26.89,117,14.9%
臺南市,佳里區,透天厝,2024Q2,125,23.12,27.03,110,12.6%
新北市,樹林區,透天厝,2025Q1,14,44,65.7,183,15.6%
臺南市,仁德區,住宅大樓,2025Q2,60,28.73,29.6,140,13.2%
臺中市,東區,透天厝,2024Q2,48,42.85,54.88,140,12%
新北市,新店區,公寓,2025Q4,39,36.87,45.14,126,19.9%
新北市,蘆洲區,透天厝,2025Q3,1,65.91,111.98,155,18.4%
臺北市,松山區,公寓,2024Q3,66,78.56,95.92,92,10.9%
桃園市,中壢區,公寓,2025Q3,69,19.55,28.07,114,17.7%
桃園市,八德區,透天厝,2024Q2,134,32.22,43.08,101,13.8%
新北市,淡水區,公寓,2025Q2,68,22.43,28.68,117,20.2%
高雄市,楠梓區,透天厝,2025Q4,27,30.82,44.68,164,20.5%
臺北市,中山區,住宅大樓,2025Q3,299,88.82,101.03,114,13%
臺南市,永康區,住宅大樓,2025Q2,206,27.67,29.74,107,12.1%
臺北市,中山區,透天厝,2025Q2,2,191.02,194.31,NULL,NULL
臺南市,東區,住宅大樓,2024Q2,402,32.57,31.7,92,11.1%
新北市,樹林區,住宅大樓,2024Q4,98,40.52,45.09,97,11.2%
臺南市,歸仁區,透天厝,2024Q2,88,28.59,39.47,118,14.1%
高雄市,鳳山區,住宅大樓,2025Q4,131,26.49,29.62,138,13.1%
臺北市,大安區,住宅大樓,2025Q4,93,125.6,133.21,142,11%
新北市,汐止區,住宅大樓,2024Q3,394,46.57,47.7,65,9.8%
桃園市,楊梅區,住宅大樓,2024Q2,612,24.61,25.36,82,11.1%
新北市,樹林區,住宅大樓,2025Q2,98,42.74,44.74,101,11.6%
新北市,蘆洲區,透天厝,2025Q2,2,72.63,100.06,132,10.7%
高雄市,前鎮區,透天厝,2025Q4,18,42.24,46.41,156,22.3%
高雄市,鼓山區,透天厝,2024Q2,40,40.13,48.15,120,13.9%
高雄市,橋頭區,透天厝,2025Q1,19,35.44,44.17,121,11.9%
新北市,新莊區,透天厝,2024Q1,13,56.57,76.97,108,16.4%
臺南市,北區,住宅大樓,2024Q1,232,32.86,32.64,91,10.6%
臺南市,南區,住宅大樓,2025Q3,32,27.26,27.82,121,14.1%
新北市,板橋區,住宅大樓,2025Q1,411,68.68,72.19,101,10.6%
臺中市,西區,住宅大樓,2024Q3,231,32.1,40.15,85,10.7%
新北市,中和區,透天厝,2024Q2,16,74.4,102.31,140,14.4%
高雄市,仁武區,住宅大樓,2025Q1,50,32.47,33.81,121,13.3%
高雄市,橋頭區,公寓,2024Q2,1,12.08,25.09,106,25.7%
桃園市,平鎮區,公寓,2025Q4,8,17.86,24.27,132,14.3%
高雄市,前金區,公寓,2024Q3,2,18.87,23.69,NULL,NULL
臺南市,仁德區,住宅大樓,2025Q1,60,29.04,30.7,126,10.8%
臺中市,中區,透天厝,2025Q4,2,23.11,65.93,NULL,NULL
桃園市,楊梅區,透天厝,2025Q4,58,23.39,32.65,153,16.5%
高雄市,鹽埕區,透天厝,2025Q2,6,34,47.39,156,19.3%
臺南市,新營區,住宅大樓,2024Q3,82,20.88,20.03,82,13.3%
高雄市,橋頭區,住宅大樓,2024Q4,54,31.89,36.03,80,11.6%
新北市,樹林區,透天厝,2024Q4,13,47,70.49,123,13%
臺北市,南港區,公寓,2025Q4,11,55.45,74.33,142,11.3%
臺中市,西區,公寓,2025Q3,12,23.32,32.23,118,19.2%
高雄市,鹽埕區,住宅大樓,2025Q2,34,22.38,43.59,96,15.5%
新北市,樹林區,透天厝,2024Q3,28,49.29,66.4,107,14.8%
臺中市,西屯區,透天厝,2025Q3,38,54.29,66.91,156,20.7%
高雄市,鹽埕區,透天厝,2024Q3,5,32.46,55.97,112,13.2%
臺北市,北投區,公寓,2025Q1,56,50.73,59.59,103,13.7%
新北市,林口區,公寓,2025Q4,5,24.77,41.7,100,19.7%
臺中市,太平區,透天厝,2025Q2,115,37.8,46.43,118,16.9%
臺中市,西區,透天厝,2025Q3,19,46.76,75.58,155,22%
臺北市,松山區,公寓,2025Q4,14,80.21,93.37,125,11.5%
臺中市,西屯區,透天厝,2025Q2,42,48.56,68.72,153,19.4%
臺南市,仁德區,公寓,2024Q4,1,28.38,21.64,NULL,NULL
新北市,樹林區,公寓,2024Q4,42,30.86,38.4,84,13.7%
高雄市,前鎮區,住宅大樓,2025Q4,87,32.23,31.81,158,12.3%
臺北市,士林區,透天厝,2024Q1,8,85.4,130.39,144,16.7%
臺南市,中西區,透天厝,2025Q3,22,34.59,50.1,119,19.7%
高雄市,楠梓區,透天厝,2025Q1,65,40.68,48.06,148,15.1%
新北市,樹林區,公寓,2024Q2,86,29.46,36.27,91,12.5%
臺中市,龍井區,透天厝,2024Q4,51,27.39,38.2,110,14.2%
新北市,汐止區,公寓,2025Q2,58,30.02,40.75,114,18.1%
新北市,八里區,透天厝,2025Q3,2,28.72,42.18,208,17.9%
臺南市,東區,透天厝,2024Q1,98,39.73,48.51,122,14.4%
新北市,三峽區,公寓,2024Q2,30,27.17,34.57,46,13.2%
新北市,泰山區,公寓,2025Q2,16,30.05,40.76,110,13.5%
高雄市,前鎮區,公寓,2025Q4,18,15.32,22.22,170,16.5%
高雄市,前金區,公寓,2025Q2,3,29.61,29.03,140,15.1%
高雄市,鹽埕區,公寓,2025Q2,3,17.41,23.12,NULL,NULL
新北市,林口區,住宅大樓,2024Q1,398,44.41,47.19,74,8.5%
新北市,中和區,透天厝,2024Q4,9,83.94,107.26,138,11.7%
高雄市,左營區,透天厝,2025Q1,28,37.28,56.04,142,18%
新北市,泰山區,住宅大樓,2025Q3,48,47.12,49.45,98,11.7%
高雄市,鹽埕區,公寓,2024Q4,6,17.16,24.26,129,15.5%
新北市,板橋區,住宅大樓,2025Q3,333,66.88,70.14,117,12.2%
臺中市,中區,公寓,2025Q1,2,14.88,33.46,NULL,NULL
新北市,樹林區,住宅大樓,2024Q3,135,41.5,44.28,82,8.4%
臺中市,豐原區,住宅大樓,2025Q4,29,32.78,33.19,169,12.6%
臺中市,南區,透天厝,2024Q2,67,44.53,54.41,107,12.7%
臺南市,新市區,住宅大樓,2024Q3,59,30.15,34.16,73,9.4%
臺中市,南區,公寓,2025Q4,9,19.31,27.95,89,16.7%
新北市,板橋區,公寓,2024Q4,205,44.9,57.62,90,16.3%
高雄市,鹽埕區,住宅大樓,2025Q3,16,20.61,44.33,150,16.4%
新北市,汐止區,公寓,2024Q3,69,32.05,40.93,74,14.2%
新北市,永和區,透天厝,2025Q4,1,85,130.73,NULL,NULL
新北市,中和區,透天厝,2025Q1,13,71.54,110.16,127,17.2%
臺中市,龍井區,透天厝,2024Q3,64,32.92,40.67,144,13.1%
臺北市,中正區,住宅大樓,2024Q4,113,104.89,119.28,95,11%
高雄市,鳳山區,公寓,2024Q1,80,16.78,21.72,127,18.2%
臺南市,仁德區,透天厝,2024Q2,75,28.8,38.6,126,10.8%
桃園市,大園區,住宅大樓,2025Q1,241,24.04,41.56,107,11.3%
新北市,永和區,透天厝,2025Q1,3,67.38,130.34,NULL,NULL
臺北市,內湖區,透天厝,2024Q4,5,111.88,95.91,139,18.6%
臺南市,新化區,住宅大樓,2024Q1,25,22.71,27.44,96,13.7%
臺南市,歸仁區,住宅大樓,2025Q1,88,32.18,33.76,112,13.6%
臺中市,烏日區,住宅大樓,2024Q1,210,35.72,35.62,78,8.8%
新北市,林口區,住宅大樓,2024Q4,184,49.61,53.64,77,10.7%
臺北市,南港區,透天厝,2025Q2,1,52.94,138.69,NULL,NULL
新北市,中和區,透天厝,2025Q4,2,59.85,93.85,180,6.3%
臺北市,萬華區,公寓,2024Q3,58,51.86,63.96,70,15.8%
臺北市,中正區,透天厝,2025Q1,1,82.82,204.21,NULL,NULL
臺南市,歸仁區,透天厝,2024Q1,65,26.05,36.97,103,15.6%
臺北市,士林區,住宅大樓,2024Q1,167,79.93,83.95,111,10.5%
臺南市,永康區,住宅大樓,2025Q3,162,25.84,29.19,128,14.2%
臺北市,大安區,公寓,2025Q4,18,101.61,104.13,140,10.2%
臺中市,豐原區,公寓,2024Q2,8,20.35,27.81,113,11.4%
新北市,蘆洲區,公寓,2025Q3,46,39.4,48.9,126,14.5%
高雄市,前金區,住宅大樓,2025Q1,67,30.22,38.73,82,12.3%
臺北市,文山區,住宅大樓,2025Q3,129,70,76.35,96,12.9%
臺南市,新營區,透天厝,2025Q1,45,22.36,28.54,125,15.7%
高雄市,前金區,透天厝,2024Q2,11,34.79,57.26,132,16.5%
新北市,汐止區,透天厝,2025Q3,8,41.1,49.03,87,15.8%
臺南市,新營區,公寓,2025Q1,9,9.09,18.05,128,22%
新北市,汐止區,公寓,2024Q4,55,34.06,41.21,114,16.4%
高雄市,苓雅區,住宅大樓,2024Q4,187,27.43,33.62,90,14%
臺北市,中正區,住宅大樓,2024Q3,151,105.79,117.75,86,11%
臺南市,東區,住宅大樓,2025Q1,139,29.51,33.24,115,14.3%
新北市,淡水區,公寓,2025Q4,29,23.05,28.03,138,17.8%
新北市,汐止區,住宅大樓,2025Q2,284,46.06,50.59,103,12.9%
臺北市,信義區,公寓,2024Q2,138,70.38,84.22,110,11.5%
新北市,八里區,透天厝,2024Q4,7,30.05,45.62,111,10.8%
臺中市,大里區,公寓,2025Q2,11,18.7,26.58,75,14.8%
臺中市,東區,透天厝,2025Q4,6,55.72,51.77,133,15.6%
高雄市,小港區,公寓,2024Q2,61,13.52,18.83,110,16.3%
新北市,八里區,公寓,2025Q1,5,20.96,29.34,24,13.5%
臺南市,佳里區,透天厝,2025Q4,19,23.14,27.06,110,22.9%
臺南市,東區,透天厝,2024Q2,115,36.59,50.19,116,15.1%
臺中市,大里區,住宅大樓,2024Q4,109,30.28,33.67,87,11.7%
臺北市,內湖區,透天厝,2024Q3,12,104.02,104.72,138,15.1%
高雄市,橋頭區,透天厝,2024Q4,16,29.64,42.76,82,19.2%
新北市,中和區,住宅大樓,2025Q2,355,60.63,65.53,112,11.6%
臺中市,神岡區,公寓,2025Q2,2,22.36,29.37,123,11.6%
臺南市,善化區,公寓,2024Q4,1,34.55,34.25,NULL,NULL
臺北市,松山區,公寓,2025Q1,36,77.32,94.67,105,12.9%
桃園市,龜山區,住宅大樓,2024Q3,600,39.99,43.88,60,8.8%
高雄市,苓雅區,住宅大樓,2025Q1,178,28.94,33.26,126,13.9%
新北市,板橋區,公寓,2024Q3,236,46.1,57.19,88,14.6%
高雄市,左營區,公寓,2025Q2,12,18.28,23.95,91,13.8%
高雄市,鹽埕區,公寓,2024Q3,6,19,23.25,114,26.3%
臺北市,內湖區,公寓,2025Q2,84,58.63,69.42,83,14%
新北市,土城區,住宅大樓,2025Q4,75,52.7,57.8,127,12.1%
新北市,土城區,公寓,2024Q1,139,38.36,45.35,118,11.7%
臺中市,潭子區,透天厝,2025Q1,44,36.33,51.67,134,15%
臺南市,永康區,透天厝,2025Q2,93,30,39.27,144,18.2%
桃園市,中壢區,公寓,2024Q3,103,21.38,27.77,89,15.4%
臺中市,北區,公寓,2024Q4,44,23.19,31.22,99,13.9%
新北市,永和區,公寓,2025Q2,69,50.55,59.55,97,12.4%
臺中市,大雅區,透天厝,2024Q2,59,36.12,43.27,89,10.2%
臺中市,南區,住宅大樓,2025Q1,156,32.51,37.71,107,10.5%
臺南市,安南區,公寓,2024Q4,14,13.63,25.93,164,19.4%
臺北市,信義區,住宅大樓,2024Q3,166,101.6,115.96,89,9.9%
桃園市,大園區,公寓,2024Q4,6,16.35,27.82,78,15.2%
臺中市,大雅區,公寓,2024Q4,5,19.83,27.41,137,36.1%
臺中市,南屯區,住宅大樓,2025Q1,229,39.59,44.39,117,12.2%
臺北市,大安區,公寓,2024Q2,93,88.01,103.97,73,9.6%
桃園市,八德區,住宅大樓,2025Q2,166,33.49,35.01,112,12.4%
高雄市,橋頭區,住宅大樓,2024Q3,69,32.88,34.69,74,6.8%
臺北市,萬華區,住宅大樓,2025Q1,102,69.8,81.85,112,10.5%
臺南市,中西區,公寓,2024Q1,10,16.88,22.89,75,13.1%
臺南市,東區,公寓,2025Q2,14,20.96,24.67,120,14.2%
新北市,深坑區,透天厝,2025Q1,2,27.05,46.82,222,37.4%
高雄市,岡山區,公寓,2024Q3,2,17.05,24.03,28,13.3%
臺中市,大里區,住宅大樓,2024Q3,143,29.56,33.05,75,9.6%
桃園市,楊梅區,公寓,2025Q1,24,14.18,20.21,93,19.8%
臺中市,中區,透天厝,2025Q1,8,51.14,56.09,NULL,NULL
臺北市,內湖區,公寓,2025Q4,24,61.1,68.05,87,14.7%
高雄市,楠梓區,公寓,2024Q4,35,17.35,22.9,69,19.9%
臺中市,大里區,住宅大樓,2024Q1,185,31.3,31.89,86,8.7%
高雄市,仁武區,住宅大樓,2025Q4,40,29.62,33.4,150,17.7%
臺南市,善化區,住宅大樓,2025Q2,44,30.91,34.09,119,11.4%
高雄市,左營區,住宅大樓,2024Q3,524,36.38,37.23,62,8.1%
臺中市,北屯區,透天厝,2025Q2,85,43.19,59.32,141,17.1%
高雄市,岡山區,住宅大樓,2025Q3,34,25.32,29.35,125,18.9%
臺北市,中山區,公寓,2025Q4,14,70.12,88.18,91,14%
臺北市,萬華區,公寓,2024Q4,58,49.23,65.96,93,21.1%
臺南市,安平區,住宅大樓,2025Q4,65,27,33.36,137,15.5%
臺南市,中西區,住宅大樓,2024Q3,94,27.58,31.86,80,11.5%
臺中市,北區,住宅大樓,2025Q2,233,29.9,37.86,116,14.8%
新北市,新莊區,公寓,2025Q2,130,39.06,48.47,121,16.4%
臺中市,太平區,公寓,2024Q2,27,19.6,24.71,79,10.9%
新北市,鶯歌區,住宅大樓,2025Q3,33,35.09,38.55,138,12.4%
新北市,泰山區,透天厝,2025Q1,2,50.88,72.05,88,17.4%
新北市,三重區,住宅大樓,2024Q4,285,63.09,66.53,68,11.4%
臺中市,龍井區,住宅大樓,2025Q3,37,26.71,33.96,97,7.9%
桃園市,八德區,公寓,2024Q1,48,19.44,25.61,115,15.9%
新北市,樹林區,公寓,2025Q4,11,27.63,36.99,149,18.6%
臺南市,東區,住宅大樓,2025Q4,105,29.36,32.42,132,15.5%
臺南市,新市區,透天厝,2025Q2,14,28.21,36.09,134,13.7%
新北市,三峽區,住宅大樓,2024Q2,304,42.08,41.45,73,8.2%
高雄市,橋頭區,透天厝,2024Q2,34,37.12,40.53,107,12.7%
新北市,深坑區,透天厝,2025Q4,1,53.85,45.49,NULL,NULL
臺南市,安平區,公寓,2024Q2,2,11.29,25.25,139,34.3%
新北市,新莊區,住宅大樓,2025Q2,394,55.61,58.19,104,11.3%
新北市,永和區,住宅大樓,2025Q3,103,66.16,72.7,115,12.6%
臺南市,新營區,住宅大樓,2024Q4,56,21.14,21.36,83,14.7%
臺南市,佳里區,住宅大樓,2024Q3,26,21.13,25.26,99,9.4%
臺北市,大安區,公寓,2025Q1,63,89.53,106.67,94,12.9%
新北市,淡水區,住宅大樓,2024Q1,1271,30.99,33.38,100,9.6%
臺中市,烏日區,透天厝,2025Q2,27,41.09,53.47,107,21.3%
新北市,八里區,住宅大樓,2025Q2,69,30.83,33.43,89,12.8%
高雄市,楠梓區,公寓,2025Q3,19,15.32,21.58,147,19%
臺南市,安南區,公寓,2025Q3,6,15.22,23.15,136,17.2%
高雄市,苓雅區,住宅大樓,2025Q2,147,28.5,32.9,100,13.2%
臺中市,東區,住宅大樓,2024Q3,89,37.59,39.32,95,9.4%
臺中市,南屯區,住宅大樓,2025Q3,170,37.38,42.95,142,13.3%
臺北市,士林區,住宅大樓,2024Q4,106,82.55,88.21,114,12.7%
臺北市,大同區,透天厝,2024Q2,9,152.21,170.41,NULL,NULL
臺南市,歸仁區,住宅大樓,2025Q4,29,33.05,34.55,116,15.6%
桃園市,楊梅區,公寓,2025Q4,6,12.41,20.14,150,22.8%
高雄市,楠梓區,透天厝,2024Q4,55,31.18,45.64,95,12.4%
高雄市,苓雅區,透天厝,2024Q1,67,42.46,52.51,133,16.9%
臺北市,萬華區,住宅大樓,2024Q4,135,68.42,82.05,96,11.5%
臺中市,豐原區,住宅大樓,2024Q2,108,29.5,33.61,84,9%
臺中市,神岡區,透天厝,2024Q3,41,36.24,42.85,115,12.5%
臺北市,中正區,住宅大樓,2025Q2,105,105.77,121.55,100,12%
新北市,板橋區,透天厝,2024Q1,21,79.5,115.05,111,16.7%
臺中市,大雅區,公寓,2025Q2,3,19.09,23.61,131,23.3%
臺南市,東區,公寓,2024Q4,14,19.04,24.33,108,15.9%
臺南市,安南區,透天厝,2025Q3,99,28.55,38.89,145,18.3%
臺北市,內湖區,透天厝,2025Q2,4,135.72,105.76,54,5%
臺南市,新化區,住宅大樓,2025Q3,10,18.99,25.45,80,14.5%
臺中市,南屯區,公寓,2024Q3,2,28.44,37.64,93,11.9%
臺中市,潭子區,透天厝,2025Q3,33,39.86,51.27,119,12.4%
臺南市,新市區,透天厝,2024Q4,15,30.92,37.46,193,19.5%
臺北市,文山區,住宅大樓,2025Q1,139,71.56,75.1,74,10.5%
高雄市,三民區,透天厝,2025Q4,42,43.41,48.3,115,16.5%
桃園市,蘆竹區,透天厝,2025Q2,32,40.39,47.57,148,20.2%
高雄市,岡山區,透天厝,2024Q3,57,35.65,42.81,111,13.5%
高雄市,苓雅區,公寓,2025Q1,54,19.3,23.28,98,16.1%
新北市,樹林區,公寓,2025Q1,31,31.8,40.34,89,16%
臺中市,南區,公寓,2025Q1,17,25.68,31.53,149,12.7%
高雄市,苓雅區,公寓,2024Q4,50,20.08,23.07,81,13.2%
新北市,新莊區,公寓,2024Q4,128,39.57,48.54,95,16.3%
臺南市,新化區,透天厝,2024Q3,15,31.21,36.85,104,20.5%
臺中市,南屯區,透天厝,2024Q3,55,56.44,64.06,120,11.5%
桃園市,八德區,住宅大樓,2025Q1,168,33.9,35.12,108,10.7%
臺南市,中西區,透天厝,2024Q4,28,30.98,50.56,134,17%
高雄市,前金區,公寓,2024Q4,4,26.43,30.1,12,17.2%
新北市,五股區,透天厝,2025Q4,4,60.19,49.61,188,14.3%
高雄市,仁武區,公寓,2024Q4,3,21.78,27.2,99,17.3%
高雄市,新興區,住宅大樓,2024Q2,211,30.24,33.17,66,11.7%
臺北市,大同區,住宅大樓,2024Q1,162,83.3,85.6,97,10%
臺中市,西區,透天厝,2024Q4,39,56.58,80.23,157,16.3%
臺北市,中正區,公寓,2025Q3,22,84.22,94.86,119,15.9%
臺中市,豐原區,透天厝,2024Q1,109,33.48,49.72,113,12.1%
臺中市,神岡區,透天厝,2025Q4,11,29.5,36.65,70,17.9%
臺中市,南區,住宅大樓,2025Q3,141,31.8,36.81,123,13.3%
臺中市,大里區,公寓,2024Q2,17,19.41,26.84,139,9.9%
臺南市,北區,公寓,2024Q1,13,15.36,20.47,137,14.5%
高雄市,苓雅區,住宅大樓,2024Q3,315,30.07,33.72,90,10.9%
臺北市,士林區,公寓,2024Q2,140,56.62,69.24,96,12.4%
新北市,板橋區,公寓,2025Q1,180,46.25,56.94,118,16.5%
臺中市,潭子區,住宅大樓,2025Q4,34,30.23,33.55,157,13.6%
新北市,五股區,公寓,2025Q3,19,27.31,35.16,105,17.3%
新北市,三峽區,透天厝,2025Q2,7,27.26,46.09,97,12.6%
臺北市,松山區,住宅大樓,2025Q3,139,99.82,112.43,112,11.9%
高雄市,鼓山區,住宅大樓,2025Q1,157,36.28,41.99,118,11.4%
臺南市,新營區,住宅大樓,2025Q2,30,20.81,22.26,110,14.2%
新北市,新店區,透天厝,2024Q4,24,42.94,57.58,96,16.2%
臺中市,中區,住宅大樓,2025Q3,30,25.49,32.82,129,18%
臺中市,北屯區,公寓,2025Q3,22,23.35,30.36,107,18.2%
高雄市,新興區,公寓,2024Q3,15,20.01,27.47,79,9.1%
臺南市,善化區,透天厝,2024Q1,64,31.94,37.29,140,13.4%
臺中市,中區,公寓,2024Q4,1,20.25,30.54,NULL,NULL
桃園市,桃園區,住宅大樓,2025Q3,520,35.04,38.53,125,12.6%
臺中市,大雅區,透天厝,2025Q2,30,35.24,43.49,160,15.6%
新北市,泰山區,住宅大樓,2024Q1,134,47.07,45.04,88,9.1%
桃園市,平鎮區,住宅大樓,2025Q4,63,27.1,29.22,134,13.5%
新北市,樹林區,透天厝,2025Q2,16,48.72,62.51,170,24.8%
新北市,中和區,公寓,2024Q3,214,45.67,54.3,85,13.5%
臺中市,中區,公寓,2025Q4,2,7.36,30.91,NULL,NULL
高雄市,仁武區,透天厝,2025Q1,86,36.39,42.64,119,13.7%
臺南市,新市區,公寓,2024Q2,1,32.75,27.82,NULL,NULL
高雄市,鳳山區,透天厝,2024Q2,194,33.52,47.04,94,13.3%
高雄市,楠梓區,透天厝,2025Q2,51,30.93,49.74,134,17.1%
臺中市,太平區,住宅大樓,2025Q4,69,30.57,33.88,156,12.4%
臺南市,新營區,透天厝,2024Q3,70,21.87,30.6,92,15.4%
桃園市,中壢區,透天厝,2024Q1,204,37.71,51.87,127,16%
臺南市,中西區,住宅大樓,2025Q1,93,26.33,31.82,104,16%
新北市,新店區,透天厝,2025Q4,10,30.31,55.34,164,15.3%
新北市,深坑區,公寓,2025Q3,3,29.99,34.37,112,25.2%
新北市,淡水區,公寓,2025Q1,59,21.3,28.17,111,17.5%
臺北市,北投區,住宅大樓,2025Q1,155,70.16,73.19,104,12%
臺南市,安平區,透天厝,2025Q1,24,30.65,40.17,112,12.2%
新北市,鶯歌區,透天厝,2024Q1,19,32.22,46.23,105,12.8%
臺中市,神岡區,透天厝,2024Q4,38,35.04,40.26,131,14.8%
臺北市,信義區,公寓,2024Q1,91,67.9,81.77,109,12%
高雄市,岡山區,透天厝,2025Q2,45,32.49,44.7,147,18.8%
高雄市,鳳山區,公寓,2024Q4,64,16.93,22.91,113,20.6%
臺北市,大同區,住宅大樓,2024Q2,191,85.7,91.29,81,10.1%
臺北市,萬華區,公寓,2025Q2,54,48.79,63.22,84,16.6%
桃園市,桃園區,公寓,2025Q1,50,21.93,32.27,107,18.5%
臺北市,萬華區,透天厝,2025Q2,6,74.19,128.72,54,16%
臺中市,豐原區,公寓,2025Q2,4,20.43,26.71,187,15.6%
新北市,五股區,住宅大樓,2024Q3,199,45.33,44.08,70,8.6%
桃園市,龜山區,住宅大樓,2025Q1,233,42.29,44.48,113,13.5%
高雄市,三民區,透天厝,2025Q1,78,38.03,50.91,132,18.9%
高雄市,苓雅區,公寓,2025Q4,26,18.05,22.5,127,21.5%
臺北市,中山區,透天厝,2025Q4,1,176.1,204.9,NULL,NULL
臺南市,新營區,透天厝,2025Q4,33,21.32,28.48,140,17.7%
桃園市,八德區,透天厝,2024Q1,120,29.55,41.79,131,14.6%
高雄市,鼓山區,透天厝,2024Q1,33,37.78,52.61,97,16.3%
臺南市,仁德區,住宅大樓,2024Q4,47,27.41,30.89,103,10.3%
新北市,淡水區,住宅大樓,2024Q4,566,33.74,36.22,90,10.5%
臺中市,龍井區,透天厝,2025Q2,34,23.45,38.3,110,15.6%
臺南市,永康區,住宅大樓,2024Q2,539,29.98,29.99,96,10.6%
臺中市,北區,透天厝,2025Q3,33,47.69,61.12,129,18.5%
桃園市,大園區,透天厝,2025Q3,23,29.97,40.2,169,21.9%
臺中市,龍井區,公寓,2025Q3,5,18.38,28.56,134,13.5%
新北市,五股區,透天厝,2025Q1,2,36.38,54.47,144,3.6%
新北市,八里區,公寓,2025Q3,1,16.35,27.78,NULL,NULL
新北市,深坑區,住宅大樓,2024Q1,28,37.2,38.99,86,14.6%
高雄市,前金區,住宅大樓,2025Q4,34,30.9,37.91,161,13.6%
臺南市,佳里區,透天厝,2025Q1,50,22.91,29.09,98,10.4%
桃園市,平鎮區,透天厝,2025Q4,37,28.36,41.13,118,17.4%
高雄市,小港區,住宅大樓,2024Q3,160,25.94,27.04,62,9.4%
高雄市,新興區,公寓,2025Q2,8,21.64,28.07,105,11.1%
新北市,五股區,住宅大樓,2025Q4,48,40.23,44.84,133,9.4%
新北市,新店區,透天厝,2024Q3,43,41.84,56.82,120,16.5%
臺南市,新化區,住宅大樓,2024Q2,35,27.23,28.89,89,8.8%
高雄市,三民區,公寓,2024Q4,91,18.41,23.48,107,14.8%
桃園市,大園區,住宅大樓,2025Q3,74,33.7,41.33,139,12.5%
臺中市,北區,公寓,2025Q4,24,20.47,29.24,151,17.8%
臺北市,中正區,公寓,2024Q2,46,75.24,93.21,76,12.3%
高雄市,左營區,透天厝,2025Q3,23,48.8,56.96,159,18%
高雄市,鼓山區,住宅大樓,2025Q3,144,35.31,41.78,136,13%
臺南市,南區,透天厝,2025Q4,25,26.44,38.42,134,22.2%
臺中市,大雅區,住宅大樓,2025Q3,20,33.47,34.2,130,14.8%
臺中市,潭子區,公寓,2024Q1,2,23.07,25.02,219,17.3%
臺北市,松山區,透天厝,2025Q3,1,148.32,180.55,NULL,NULL
臺中市,北區,公寓,2025Q1,53,24.39,31.03,121,17.3%
桃園市,龜山區,透天厝,2024Q1,31,27.22,47.06,127,15.8%
高雄市,新興區,透天厝,2025Q4,5,37.85,63.66,145,18.1%
新北市,三重區,透天厝,2025Q3,16,54.05,95.17,129,18.3%
高雄市,前鎮區,住宅大樓,2025Q1,180,32.78,32.27,117,12%
高雄市,小港區,公寓,2025Q2,29,13.73,19.07,104,24.3%
臺南市,東區,住宅大樓,2024Q4,151,30.67,33.04,97,13.9%
桃園市,桃園區,透天厝,2025Q3,40,36.34,57.49,162,23.5%
臺南市,北區,公寓,2024Q2,24,16.44,24.73,155,13%
桃園市,大園區,公寓,2025Q1,11,19.45,24.16,123,17.3%
高雄市,前金區,住宅大樓,2024Q3,124,31.33,36.56,66,9.8%
臺南市,新營區,公寓,2024Q4,12,11.6,16.09,36,16.2%
桃園市,平鎮區,透天厝,2024Q3,144,29.68,42.88,100,14.7%
桃園市,平鎮區,透天厝,2025Q1,115,29.61,41.04,124,15.2%
高雄市,鳳山區,公寓,2024Q3,68,17.8,22.62,96,13.9%
臺中市,烏日區,住宅大樓,2024Q2,169,36.85,37.39,77,8.1%
臺南市,仁德區,住宅大樓,2025Q4,34,28.77,28.2,160,13.9%
臺北市,南港區,公寓,2025Q1,22,59.82,82.21,139,14.1%
新北市,三重區,住宅大樓,2025Q4,112,60.57,66.15,121,11.6%
高雄市,仁武區,公寓,2025Q2,4,13.7,22.98,45,16.1%
臺中市,南區,透天厝,2025Q2,13,39.59,56.21,108,13.4%
桃園市,平鎮區,公寓,2025Q1,19,16.36,23.31,122,20.3%
高雄市,鹽埕區,公寓,2024Q2,10,16.45,24.85,82,11.9%
臺北市,信義區,透天厝,2025Q3,2,94.37,101.69,264,11.1%
新北市,鶯歌區,公寓,2025Q4,3,20.39,28.58,174,21.6%
高雄市,左營區,住宅大樓,2025Q4,133,31.47,35.47,156,13.7%
臺南市,北區,公寓,2025Q2,8,20.23,20.17,74,16.1%
臺中市,大雅區,透天厝,2024Q3,41,35.85,43.51,107,11.1%
臺中市,中區,公寓,2024Q3,4,21.13,38.16,71,23.1%
臺中市,西屯區,公寓,2024Q1,50,25,33.35,110,13.4%
臺南市,北區,住宅大樓,2024Q4,89,31.98,35.32,91,12.7%
臺北市,信義區,公寓,2025Q2,61,72.25,85.33,123,14.1%
高雄市,仁武區,透天厝,2025Q3,64,32.29,41.68,148,18.3%
高雄市,新興區,公寓,2024Q2,16,16.82,27.27,130,11.8%
臺南市,南區,透天厝,2025Q1,57,29.27,40.74,89,15.6%
新北市,板橋區,透天厝,2024Q4,15,91.02,109.48,123,14.5%
新北市,三重區,公寓,2025Q1,140,45.77,59.4,114,17%
臺南市,新市區,住宅大樓,2025Q2,44,27.39,33.65,136,9.5%
臺北市,北投區,住宅大樓,2025Q4,62,71.94,74.55,123,12.2%
新北市,永和區,住宅大樓,2025Q1,133,69.15,73.73,96,12.2%
臺南市,佳里區,住宅大樓,2024Q4,19,21.95,25.76,43,11.1%
臺北市,北投區,公寓,2025Q4,29,48.92,59.53,98,14.9%
新北市,新店區,住宅大樓,2025Q4,125,57.33,60.62,112,10.9%
臺南市,歸仁區,透天厝,2025Q2,20,22.08,37.58,153,15.2%
高雄市,鳳山區,透天厝,2024Q1,160,35.56,46.06,111,14.7%
臺中市,大里區,住宅大樓,2025Q2,112,30.94,34.29,128,11.2%
新北市,林口區,公寓,2025Q1,13,25.89,40.47,68,12.9%
臺南市,安南區,住宅大樓,2024Q1,282,30.99,32.54,91,10.2%
臺北市,中山區,住宅大樓,2024Q1,500,87.03,95.74,104,10.6%
臺北市,大同區,透天厝,2024Q1,21,159.9,162.72,NULL,NULL
桃園市,蘆竹區,公寓,2025Q3,4,16.73,25.75,126,27.1%
新北市,新莊區,住宅大樓,2024Q1,693,52.58,53.82,89,8.9%
高雄市,橋頭區,透天厝,2024Q3,36,29.49,40.72,88,12%
高雄市,楠梓區,住宅大樓,2024Q1,1103,28.59,28.42,104,8%
臺南市,仁德區,公寓,2024Q3,1,14.97,30.27,19,19.1%
臺北市,內湖區,住宅大樓,2025Q3,181,80.38,85.48,92,11.7%
臺中市,南屯區,透天厝,2025Q4,16,48.8,60.26,163,24.9%
臺中市,西區,住宅大樓,2025Q1,171,33.93,40.17,110,11.5%
臺南市,南區,公寓,2025Q3,25,14.67,21.51,137,18.7%
高雄市,鼓山區,公寓,2025Q3,23,17.3,23.09,109,19.5%
臺中市,南屯區,公寓,2025Q1,5,22.52,35.71,204,14.6%
桃園市,桃園區,公寓,2025Q4,27,20.85,31.41,146,17.5%
臺北市,士林區,住宅大樓,2025Q2,123,82.99,91.42,125,12.2%
高雄市,鼓山區,透天厝,2024Q4,25,36.94,52.82,125,18.8%
臺北市,士林區,公寓,2025Q2,85,59.62,71,113,14.6%
高雄市,前金區,透天厝,2024Q1,9,38.98,49.27,134,14.3%
新北市,三峽區,住宅大樓,2024Q1,365,45.16,40.52,108,9%
新北市,泰山區,住宅大樓,2024Q2,124,48,46.58,66,8.6%
新北市,八里區,住宅大樓,2024Q1,187,29.11,33.03,90,11%
臺南市,永康區,公寓,2025Q3,10,13.5,21.3,130,15.6%
臺中市,東區,透天厝,2025Q1,23,45.75,56.94,138,12%
高雄市,小港區,透天厝,2025Q4,27,26.38,35.05,176,16.2%
高雄市,橋頭區,住宅大樓,2025Q2,58,30.22,34.98,106,11.4%
臺中市,太平區,住宅大樓,2025Q1,176,33.07,35.99,110,11.5%
臺中市,南屯區,公寓,2024Q4,5,29.14,37.41,108,14.2%
臺中市,神岡區,住宅大樓,2024Q3,7,28.88,30.52,93,10.7%
臺南市,新市區,透天厝,2024Q3,30,30.02,39.91,101,16.4%
新北市,板橋區,公寓,2025Q4,65,42.01,54.86,158,16%
桃園市,楊梅區,住宅大樓,2024Q1,456,22.79,24.18,82,11.3%
高雄市,岡山區,透天厝,2024Q4,40,34.51,42.57,104,16.2%
高雄市,新興區,住宅大樓,2024Q3,162,30.32,35.1,83,11.7%
新北市,五股區,住宅大樓,2024Q4,148,43.08,44.66,79,10.6%
臺中市,東區,透天厝,2024Q4,26,49,58.86,139,15.6%
高雄市,三民區,公寓,2024Q3,100,18.7,23.34,96,15.7%
臺北市,北投區,公寓,2024Q4,72,50.44,61.45,88,13.7%
臺北市,北投區,透天厝,2025Q3,5,112.34,124.7,211,18.3%
臺中市,東區,住宅大樓,2025Q1,65,34.54,39.91,121,11%
臺北市,信義區,住宅大樓,2025Q4,59,108.28,114.78,149,13.1%
臺南市,佳里區,住宅大樓,2025Q1,11,22.2,24.34,85,14.5%
新北市,三峽區,透天厝,2024Q2,12,31.38,50.62,160,26.6%
臺南市,安南區,透天厝,2024Q2,335,31.47,37.08,102,14.5%
高雄市,左營區,住宅大樓,2024Q4,284,32.63,37.16,76,11.5%
新北市,五股區,住宅大樓,2025Q1,139,43.52,44.26,96,10.7%
桃園市,龜山區,公寓,2025Q3,54,20.77,28.01,106,17.8%
臺中市,東區,公寓,2025Q3,4,16.25,30.08,94,13.4%
臺中市,豐原區,住宅大樓,2024Q3,66,31.13,33.95,77,7.4%
臺南市,善化區,住宅大樓,2024Q3,52,32.39,35.19,68,8.9%
新北市,三重區,住宅大樓,2025Q2,251,62.09,65.67,111,12.3%
新北市,淡水區,公寓,2024Q4,63,21.53,28.04,100,19.6%
桃園市,蘆竹區,住宅大樓,2025Q4,81,31.52,35.61,125,11.6%
新北市,三重區,公寓,2024Q4,173,45.19,59.51,100,15.6%
新北市,五股區,透天厝,2024Q3,5,74.53,75.84,114,13.7%
臺南市,新營區,公寓,2025Q4,6,10.91,15.22,168,23.4%
高雄市,小港區,透天厝,2024Q4,83,30.08,36.26,144,17%
高雄市,三民區,透天厝,2024Q3,104,35.63,52.72,122,17.3%
臺中市,太平區,公寓,2024Q1,18,20.1,25.74,115,9.8%
高雄市,岡山區,透天厝,2025Q4,18,29.4,41.82,176,19%
新北市,林口區,公寓,2024Q4,18,27.4,39.48,77,13.3%
臺北市,大安區,公寓,2024Q3,76,91.54,106.38,81,9.7%
新北市,泰山區,透天厝,2024Q3,7,63.47,101.71,116,27.6%
桃園市,平鎮區,住宅大樓,2025Q1,139,27.39,30.02,108,12.3%
臺南市,安平區,透天厝,2025Q4,12,30.82,41.04,172,15.5%
新北市,林口區,透天厝,2025Q3,8,42.27,53.6,178,14%
新北市,板橋區,透天厝,2025Q2,22,75.38,100.57,143,20.8%
新北市,新店區,公寓,2025Q3,76,39.6,46.42,125,14.7%
臺中市,中區,住宅大樓,2025Q1,44,23.52,33.55,99,17.9%
臺北市,大同區,公寓,2025Q3,21,65.36,77.08,79,21.4%
桃園市,蘆竹區,透天厝,2024Q1,58,24.83,40.57,124,14.1%
新北市,淡水區,透天厝,2025Q3,20,28.43,47.21,176,17.5%
高雄市,鳳山區,住宅大樓,2025Q1,328,29.32,30.9,101,10.9%
臺中市,神岡區,透天厝,2025Q1,26,35.6,37.87,155,13.8%
臺中市,北屯區,住宅大樓,2024Q1,937,37.25,39.85,96,8.4%
臺南市,仁德區,透天厝,2024Q1,68,27.65,37.39,136,14.7%
臺中市,大里區,透天厝,2025Q3,64,32.17,43.78,135,21%
新北市,新莊區,公寓,2024Q3,166,39.55,47.83,79,13.7%
臺北市,萬華區,透天厝,2024Q2,15,108.03,127.4,97,11.6%
臺中市,潭子區,住宅大樓,2024Q4,62,31.56,35.41,69,10.3%
臺北市,文山區,透天厝,2025Q3,7,58.16,99.97,121,15.9%
臺中市,南屯區,透天厝,2025Q1,62,59.44,62.8,142,12.1%
臺南市,佳里區,住宅大樓,2025Q4,15,20.38,23.66,81,15.1%
新北市,林口區,住宅大樓,2025Q2,171,47.51,53.02,121,12.5%
高雄市,左營區,公寓,2024Q1,17,19.36,25.38,125,17.2%
高雄市,岡山區,公寓,2025Q4,1,16.53,26,NULL,NULL
臺南市,北區,透天厝,2025Q3,36,27.76,42.6,130,16.1%
臺南市,東區,公寓,2024Q3,38,18.72,24.58,92,12.9%
新北市,樹林區,公寓,2024Q3,50,32.4,37.96,72,13.3%
新北市,三峽區,公寓,2024Q3,24,26.68,34.07,92,13.2%
臺北市,文山區,公寓,2024Q2,147,49.82,58.47,85,12.5%
新北市,新店區,住宅大樓,2025Q1,276,60.21,63.62,96,10.6%
高雄市,左營區,透天厝,2024Q1,54,41.93,57.85,114,13.8%
桃園市,八德區,住宅大樓,2024Q3,293,36.41,34.75,64,8.4%
新北市,新店區,住宅大樓,2024Q4,282,58.83,63.44,88,10.6%
臺北市,文山區,公寓,2025Q2,90,49.85,61.42,112,14.4%
桃園市,大園區,住宅大樓,2024Q1,405,33.38,36.55,99,8.5%
臺南市,安平區,住宅大樓,2024Q3,181,28.13,33.21,74,11.4%
新北市,三重區,公寓,2025Q4,68,43.53,56.98,128,18.2%
桃園市,蘆竹區,住宅大樓,2025Q1,204,32.81,36.28,104,12.4%
高雄市,小港區,透天厝,2025Q1,71,28.93,34.66,122,14.2%
臺中市,潭子區,住宅大樓,2025Q1,75,31.53,35.16,106,10.9%
臺南市,新化區,透天厝,2025Q1,10,21.95,35.44,88,14.8%
桃園市,中壢區,公寓,2025Q4,35,20.93,27.91,163,24.5%
臺南市,北區,住宅大樓,2025Q2,89,29.48,34.79,111,11.2%
臺中市,東區,住宅大樓,2025Q4,17,33.98,38.53,130,10.2%
